id,unp,subject,authority,authority_eik,contractor,contractor_eik,kind,sector_code,procedure,signed_at,value_eur,eu_funded,bids_received
e:00126-2020-0023:348:2:eik:102811636:1,00126-2020-0023,"Публикации на обяви, съобщения и други текстове, свързани с дейността на Община Несебър в местни печатни издания",ОБЩИНА НЕСЕБЪР,000057122,ЕТ МАРАМ - МАРА МОМЧИЛОВА,102811636,company,22,Събиране на оферти,2020-10-22,10225.83762392437,0,1
e:00126-2020-0023:353:1:eik:202217061:1,00126-2020-0023,"Обособена позиция №2: Публикации на обяви, съобщения и други текстове, свързани с дейността на Община Несебър в местни печатни издания”",ОБЩИНА НЕСЕБЪР,000057122,ПРО НЮЗ БЪЛГАРИЯ АД,202217061,company,22,Събиране на оферти,2020-10-30,0.5317435564440672,0,4
e:00126-2020-0025:215:_:eik:202365512:1,00126-2020-0025,"Упражнявана на строителен надзор на обект: ,,Изграждане на oткрит паркинг, озеленяване, алейно осветление, ограда и детска площадка в УПИ VІ в кв. 5 по регулационния план на гр. Обзор, община Несе",ОБЩИНА НЕСЕБЪР,000057122,"""В Консулт проект"" ЕООД",202365512,company,71,Открита,2021-06-15,1124.8421386316807,1,10
e:00126-2021-0001:174:_:eik:200788271:1,00126-2021-0001,„Абонаментна поддръжка на автоматизирани напоителни системи на територията на община Несебър”,ОБЩИНА НЕСЕБЪР,000057122,Н2О СИСТЕМС ЕООД,200788271,company,77,Събиране на оферти,2021-05-05,32211.388515361767,0,2
e:00126-2021-0002:160:_:eik:103907160:1,00126-2021-0002,"Упражняване на авторски надзор на обект : "" Рехабилитация и модернизация на рибарско пристанище Северна буна Несебър""",ОБЩИНА НЕСЕБЪР,000057122,ПРОЕКТ ТРОЙ ЕООД,103907160,company,71,Договаряне с покана,2021-04-29,14610.165505181943,0,1
e:00126-2021-0003:176:_:eik:102819095:1,00126-2021-0003,„Осъществяване на предварителни археологически спасителни проучвания (разкопки) под вода на местата на поставяне на котвите за закотвяне на плаващите съоръжения и спасително археологическо прочуване,ОБЩИНА НЕСЕБЪР,000057122,ЦЕНТЪР ЗА ПОДВОДНА АРХЕОЛОГИЯ,102819095,company,71,Събиране на оферти,2021-05-10,35014.64851239627,0,1
e:00126-2021-0005:3979:_:eik:130696746:1,00126-2021-0005,Доставка на два броя специализирани сметосъбиращи автомобила – втора употреба.,ОБЩИНА НЕСЕБЪР,000057122,"""БИ ЕМ ЛИЗИНГ-ТРЕЙД"" АД",130696746,company,34,Открита,2021-07-05,167589.71894285292,0,1
e:00126-2021-0006:205:_:eik:103800009:1,00126-2021-0006,"“Избор на изпълнител за извършване на СМР по пътна маркировка и пътна сигнализация, съобразно нуждите на Община Несебър""",ОБЩИНА НЕСЕБЪР,000057122,ЕЛИТ-ПЪТНА СИГНАЛИЗАЦИЯ ЕООД,103800009,company,45,Събиране на оферти,2021-06-01,127822.97029905462,0,2
e:00126-2021-0007:220:_:eik:206063753:1,00126-2021-0007,"„ОСИГУРЯВАНЕ НА МЕСТА ЗА НОЩУВАНЕ НА КОМАНДИРОВАНИ СЛУЖИТЕЛИ ОТ СТРУКТУРИТЕ НА МВР,,",ОБЩИНА НЕСЕБЪР,000057122,БИВОЛАРОВ 2020 ЕООД,206063753,company,55,Състезание,2021-06-16,5.112918811962185,0,1
e:00126-2021-0008:1702:_:eik:201557566:1,00126-2021-0008,"Медийно консултиране (реализиране на мерки за информация, комуникация и публичност) по проект № BSB 867 „Черноморски археологически, исторически и културен портал“ (ARHICUP), финансиран по Съвместна о",ОБЩИНА НЕСЕБЪР,000057122,"""ДИ ЕМ АЙ ДИВЕЛОПМЪНТ"" ЕООД",201557566,company,22,Събиране на оферти,2021-06-29,2812.1053465792015,1,9
e:00126-2021-0011:14439:_:eik:102833771:1,00126-2021-0011,"СМР НА ОСТАВАЩА ЧАСТ ОТ ОБЕКТ: ""ФУТБОЛНО ИГРИЩЕ В СПОРТНО - РЕКРЕАЦИОНЕН ПАРК И ОБСЛУЖВАЩА СГРАДА С КАФЕ-БАР В УПИ I /ПИ С ИДЕНТИФИКАТОР ПО КАДАСТРАЛНА КАРТА 11538.501.539/ В КВ.65 ПО ПЛАНА НА ГР.СВЕТ",ОБЩИНА НЕСЕБЪР,000057122,БУРГАСЦВЕТ - 90 - ТАНЕВ ЕООД,102833771,company,45,Състезание,2021-10-01,403919.7374004898,0,3
e:00126-2021-0015:5015:_:eik:102819095:1,00126-2021-0015,Услуги по Морско геофизично и дистанционно проучване,ОБЩИНА НЕСЕБЪР,000057122,ЦЕНТЪР ЗА ПОДВОДНА АРХЕОЛОГИЯ,102819095,company,71,Събиране на оферти,2021-07-23,17036.674966638202,1,2
e:00126-2021-0018:31429:1:eik:102663899:1,00126-2021-0018,„Създаване на Tематичен онлайн портал на самостоятелен хостинг сървър посредством доставка на техническо оборудване за 3D сканиращи станции по обособени позиции:“ За ОП №1: “Създаване и поддръжка за с,ОБЩИНА НЕСЕБЪР,000057122,"""Комплекс 2000"" ООД",102663899,company,32,Открита,2022-02-02,57673.72419893344,1,2
e:00126-2021-0018:31438:2:eik:102663899:1,00126-2021-0018,„Създаване на Tематичен онлайн портал на самостоятелен хостинг сървър посредством доставка на техническо оборудване за 3D сканиращи станции по обособени позиции:“ Обособена позиция 2: „Доставка на Ста,ОБЩИНА НЕСЕБЪР,000057122,"""Комплекс 2000"" ООД",102663899,company,32,Открита,2022-02-02,29092.71255681731,1,2
e:00126-2021-0018:31443:3:eik:102663899:1,00126-2021-0018,„Създаване на Tематичен онлайн портал на самостоятелен хостинг сървър посредством доставка на техническо оборудване за 3D сканиращи станции по обособени позиции:ОП №3: „Доставка на Мобилна 3D сканиращ,ОБЩИНА НЕСЕБЪР,000057122,"""Комплекс 2000"" ООД",102663899,company,32,Открита,2022-02-02,39096.02061528865,1,2
e:00126-2021-0019:7187:_:eik:102890249:1,00126-2021-0019,"„Извършване на поддържане, обслужване и ремонти на компактираща инсталация, находяща се на територията на ПСО – Несебър, собственост на Община Несебър”.",ОБЩИНА НЕСЕБЪР,000057122,ХИДРО МАТ ЕООД,102890249,company,50,Събиране на оферти,2021-08-11,35790.431683735296,0,1
e:00126-2021-0020:13625:2:eik:102235133:1,00126-2021-0020,Доставка на хранителни продукти за нуждите на „Домашен социален патронаж“ и „Детска млечна кухня“ на територията на община Несебър по обособени позиции: Обособена позиция №1: Доставка на основни храни,ОБЩИНА НЕСЕБЪР,000057122,ГРАНД ООД,102235133,company,15,Състезание,2021-09-28,15338.756435886555,0,2
e:00126-2021-0021:18868:_:eik:130460283:1,00126-2021-0021,„Предоставяне на далекосъобщителни услуги чрез обществена далекосъобщителна подвижна клетъчна мрежа по стандарт GSM с национално покритие от лицензиран оператор и извършване на специализирани доставки,ОБЩИНА НЕСЕБЪР,000057122,ЙЕТТЕЛ БЪЛГАРИЯ ЕАД,130460283,company,64,Състезание,2021-11-03,107371.29505120589,0,1
e:00126-2021-0022:11717:_:eik:831642181:1,00126-2021-0022,ПРЕДОСТАВЯНЕ НА ЕЛЕКТРОННИ СЪОБЩИТЕЛНИ УСЛУГИ ЗА НУЖДИТЕ НА ОБЩИНА НЕСЕБЪР ЧРЕЗ ОБЩЕСТВЕНА ФИКСИРАНА ЕЛЕКТРОННА СЪОБЩИТЕЛНА МРЕЖА,ОБЩИНА НЕСЕБЪР,000057122,"""БТК"" ЕАД",831642181,company,32,Събиране на оферти,2021-09-15,35790.431683735296,0,1
e:00126-2021-0024:16979:_:eik:200970046:1,00126-2021-0024,"“БЛАГОУСТРОЯВАНЕ И РЕМОНТ НА УЛ.""КИРИЛ И МЕТОДИЙ"" ЧАСТ ОТ ПИ 61056.501.505 В УЧАСТЪКА ОТ О.Т.14-16 ДО О.Т.22 В С.РАВДА, ОБЩИНА НЕСЕБЪР”",ОБЩИНА НЕСЕБЪР,000057122,ЕИВ ЕООД,200970046,company,45,Събиране на оферти,2021-10-19,130341.66568669057,0,2
e:00126-2021-0025:17037:_:eik:102981058:1,00126-2021-0025,"РЕКОНСТРУКЦИЯ И МОДЕРНИЗАЦИЯ НА ЧАСТ ОТ УЛИЧНО ОСВЕТЛЕНИЕ НА УЛ. КИРИЛ И МЕТОДИЙ–ПИ 61056.501.505 ОТ О.Т 14 ДО О.Т. 166 В С.РАВДА, ОБЩИНА НЕСЕБЪР .",ОБЩИНА НЕСЕБЪР,000057122,ЕЛЕКТРИКАЛ ГРУП ООД,102981058,company,45,Събиране на оферти,2021-10-19,76129.07052248917,0,4
e:00126-2021-0028:19905:_:eik:102827804:1,00126-2021-0028,Доставка на основни хранителни продукти за нуждите на „Домашен социален патронаж“ и „Детска млечна кухня“ на територията на община Несебър,ОБЩИНА НЕСЕБЪР,000057122,ЖАНЕТ ООД,102827804,company,15,Състезание,2021-11-10,76693.78217943278,0,1
e:00126-2021-0029:18334:2:eik:102811636:1,00126-2021-0029,"„Публикации на обяви, съобщения и други текстове, свързани с дейността на Община Несебър по обособени позиции",ОБЩИНА НЕСЕБЪР,000057122,ЕТ МАРАМ - МАРА МОМЧИЛОВА,102811636,company,22,Събиране на оферти,2021-10-26,10225.83762392437,0,2
e:00126-2021-0029:18345:1:eik:202217061:1,00126-2021-0029,"„Публикации на обяви, съобщения и други текстове, свързани с дейността на Община Несебър по обособени позиции: Обособена позиция №1: Публикации на обяви, съобщения и други текстове, свързани с дейност",ОБЩИНА НЕСЕБЪР,000057122,ПРО НЮЗ БЪЛГАРИЯ АД,202217061,company,22,Събиране на оферти,2021-11-02,21474.259010241178,0,2
e:00126-2021-0030:18021:_:eik:202155371:1,00126-2021-0030,Доставка и монтаж на нов асансьор и демонтаж на съществуващ в Общинска здравна къща гр.Несебър,ОБЩИНА НЕСЕБЪР,000057122,ЛИФТКОМ АД,202155371,company,42,Събиране на оферти,2021-10-26,17668.202246616525,0,1
e:00126-2021-0031:24890:1:eik:204230666:1,00126-2021-0031,"„Доставка на санитарно-хигиенни материали за нуждите на общинската администрация и второстепенните разпоредители на Община Несебър по обособени позиции:, Обособена позиция 1: Доставка на почистващи п",ОБЩИНА НЕСЕБЪР,000057122,ФРЕШ - КЛИЙН ХОРЕКА ЕООД,204230666,company,39,Открита,2021-12-15,92032.53861531932,0,2
e:00126-2021-0031:24933:2:eik:204230666:1,00126-2021-0031,"„Доставка на санитарно-хигиенни материали за нуждите на общинската администрация и второстепенните разпоредители на Община Несебър по обособени позиции:, Обособена позиция 2: Доставка на спомагателно",ОБЩИНА НЕСЕБЪР,000057122,ФРЕШ - КЛИЙН ХОРЕКА ЕООД,204230666,company,39,Открита,2021-12-15,92032.53861531932,0,2
e:00126-2021-0033:38323:_:eik:201753330:1,00126-2021-0033,"ИЗГРАЖДАНЕ НА ВЕЛОАЛЕИ ПО УЛИЦА О.Т. 1-45-44-40-39-39-37-36-38-34 (ЮГ), УЛ. О.Т. 118-97-96-92 (ИЗТОК), УЛИЦА О.Т.34-24-31-18-4 (ДВУСТРАННО) И УЛ. О.Т. 34-33-22-31-150-148-20-19-12-11-10-6 (ЗАПАД) В",ОБЩИНА НЕСЕБЪР,000057122,ФЕНИКС БИЛДИНГ ЕООД,201753330,company,45,Състезание,2022-04-01,226691.94152866048,0,6
e:00126-2021-0034:27515:_:eik:000646811:1,00126-2021-0034,"„Доставка на специализирано превозно средство по проект „Черноморски археологичен, исторически и културен портал“, ARHICUP, BSB867, финансиран по Съвместна оперативна програма за трансгранично сътруд",ОБЩИНА НЕСЕБЪР,000057122,"""МОТО-ПФОЕ"" ЕООД",000646811,company,34,Открита,2022-01-04,53259.57266224569,1,1
e:00126-2021-0035:27106:_:eik:147026483:1,00126-2021-0035,Услуги по почистване на морското дъно от отпадъци,ОБЩИНА НЕСЕБЪР,000057122,БУЛСТАР АУТДОР ООД,147026483,company,60,Състезание,2022-01-04,38423.58487189582,1,2
e:00126-2021-0036:26993:1:eik:104544580:1,00126-2021-0036,"„Доставка на 2 бр. МПС за нуждите на Управление „Социални грижи и услуги“, Община Несебър по обособени позиции“; Обособена позиция 1 - Доставка на 1 бр. МПС - ново или употребявано; Обособена позиция",ОБЩИНА НЕСЕБЪР,000057122,ГЕОКРАС ЕООД,104544580,company,34,Открита,2022-01-04,12168.74677247,0,3
e:00126-2021-0036:36089:2:eik:204197807:1,00126-2021-0036,"„Доставка на 2 бр. МПС за нуждите на Управление „Социални грижи и услуги“, Община Несебър по обособени позиции“; Обособена позиция 1 - Доставка на 1 бр. МПС - ново или употребявано; Обособена позиция",ОБЩИНА НЕСЕБЪР,000057122,Валтекс Нетуъркс ЕООД,204197807,company,34,Открита,2022-03-07,14571.818614092228,0,2
e:00126-2021-0037:24335:_:eik:202155371:1,00126-2021-0037,Доставка и монтаж на нов асансьор и демонтаж на съществуващ в Общинска здравна къща гр.Несебър,ОБЩИНА НЕСЕБЪР,000057122,ЛИФТКОМ АД,202155371,company,42,Събиране на оферти,2021-12-10,20759.999590966494,0,1
e:00126-2021-0041:36525:_:eik:102895118:1,00126-2021-0041,"Техническо поддържане и ремонт на леки автомобили, собственост на Община Несебър и второстепенните разпоредители на общината, както и свързаната с тях доставка на резервни части",ОБЩИНА НЕСЕБЪР,000057122,ЕВРОСЪРВИЗ ЕООД,102895118,company,50,Открита,2022-03-14,255645.94059810924,0,1
e:00126-2022-0001:33802:_:eik:202268878:1,00126-2022-0001,",,Консервация, реставрация, експониране и адаптация на културна ценност ,,Вятърна мелница / по средата на провлака/“ .",ОБЩИНА НЕСЕБЪР,000057122,СТРОЙ ГРУП ИНЖЕНЕРИНГ ЕООД,202268878,company,45,Събиране на оферти,2022-02-22,105906.87840967774,0,1
e:00126-2022-0002:41991:_:eik:200304140:1,00126-2022-0002,„Избор на изпълнител за целогодишна поддръжка и извънгаранционно обслужване на съоръжения на автоматизирана паркинг система и интегрирана система за достъп на МПС и консервация и разконсервация на сез,ОБЩИНА НЕСЕБЪР,000057122,ВИЖЪН 2008 ЕООД,200304140,company,98,Открита,2022-04-27,337452.6415895042,0,1
e:00126-2022-0003:38288:_:eik:206764156:1,00126-2022-0003,„Абонаментна поддръжка на автоматизирани напоителни системи на територията на община Несебър”.,ОБЩИНА НЕСЕБЪР,000057122,СИИФ ЕООД,206764156,company,77,Събиране на оферти,2022-04-01,30191.800923393137,0,2
e:00126-2022-0004:41951:_:eik:121311169:1,00126-2022-0004,"„Организиране и провеждане на научна конференция в изпълнение на проект № BSB 867 „Черноморски археологически, исторически и културен портал“ /ARHICUP/“",ОБЩИНА НЕСЕБЪР,000057122,ИНСТИТУТ ЗА УПРАВЛЕНИЕ НА ПРОГРАМИ И ПРОЕКТИ ООД,121311169,company,79,Събиране на оферти,2022-04-27,12219.875960589621,1,4
e:00126-2022-0006:43100:1:eik:103760963:1,00126-2022-0006,"УПРАЖНЯВАНЕ НА СТРОИТЕЛЕН НАДЗОР ПРИ ИЗПЪЛНЕНИЕ НА СТРОИТЕЛНО-МОНТАЖНИ И РЕМОНТНИ РАБОТИ НА ОБЩИНСКИ ОБЕКТИ ПО ОБОСОБЕНИ ПОЗИЦИИ, Обособена позиция 1: Етап 3 - Тротоари по улиците попадащи в обхвата",ОБЩИНА НЕСЕБЪР,000057122,ДЕМА ЕООД,103760963,company,71,Събиране на оферти,2022-05-04,1876.441203990122,0,10
e:00126-2022-0006:43200:2:eik:103760963:1,00126-2022-0006,"ИЗГРАЖДАНЕ НА ВЕЛОАЛЕИ ПО УЛИЦА О.Т. 1-45-44-40-39-39-37-36-38-34 (ЮГ), УЛ. О.Т. 118-97-96-92 (ИЗТОК), УЛИЦА О.Т.34-24-31-18-4 (ДВУСТРАННО) И УЛ. О.Т. 34-33-22-31-150-148-20-19-12-11-10-6 (ЗАПАД)",ОБЩИНА НЕСЕБЪР,000057122,ДЕМА ЕООД,103760963,company,71,Събиране на оферти,2022-05-04,1876.441203990122,0,10
e:00126-2022-0008:58656:_:eik:200712462:1,00126-2022-0008,„Доставка на съдове за разделно събиране на биоразградими отпадъци на територията на Община Несебър-599бр. по 240л. и 939 бр. по 120л,ОБЩИНА НЕСЕБЪР,000057122,"""Идеа сервиз"" ЕООД",200712462,company,44,Открита,2022-08-31,48753.010230950546,1,1
e:00126-2022-0009:43849:_:eik:102937300:1,00126-2022-0009,"„Услуги за провеждане на процедури по реда на ЗООС, ЗБР, Закона за водите (ЗВ), ЗУТ, Закон за морските пространства, вътрешните водни пътища и пристанищата на Република България, закона за енергията о",ОБЩИНА НЕСЕБЪР,000057122,"""ВАНГ"" ЕООД",102937300,company,90,Събиране на оферти,2022-05-16,35790.431683735296,0,1
e:00126-2022-0011:48629:_:eik:102904211:1,00126-2022-0011,„Доставка на оборудване за кухнята на Домашен социален патронаж и Обществена трапезария гр.Несебър”,ОБЩИНА НЕСЕБЪР,000057122,"""БИС"" ООД",102904211,company,39,Събиране на оферти,2022-06-22,15568.837782424853,0,4
e:00126-2022-0012:58646:1:eik:130696746:1,00126-2022-0012,"„Доставка на съдове за събиране на отпадъци на територията на община Несебър по обособени позиции: Обособена позиция №1 „Доставка на пластмасови съдове за събиране на отпадъци-360л., 240л. и 1100л.; “",ОБЩИНА НЕСЕБЪР,000057122,"""БИ ЕМ ЛИЗИНГ-ТРЕЙД"" АД",130696746,company,34,Открита,2022-08-30,154307.88974501874,0,3
e:00126-2022-0013:50424:5:eik:119630779:1,00126-2022-0013,"Доставка на сметосъбираща техника за нуждите на общинско предприятие ""БКСО"", Община Несебър по обособени позиции., Обособена позиция 5: Доставка на един брой фабрично ново полуремарке – сметосъбираща",ОБЩИНА НЕСЕБЪР,000057122,СОРИКО ООД,119630779,company,34,Открита,2022-07-05,167703.73703235967,0,1
e:00126-2022-0013:55691:2:eik:201484467:1,00126-2022-0013,"Доставка на сметосъбираща техника за нуждите на общинско предприятие ""БКСО"", Община Несебър по обособени позиции., Обособена позиция 2: Доставка на един брой сметосъбиращ и сметоизвозващ автомобил.",ОБЩИНА НЕСЕБЪР,000057122,"""АВТОКАМ БЪЛГАРИЯ"" ООД",201484467,company,34,Открита,2022-08-08,55105.50507968484,0,1
e:00126-2022-0013:55696:3:eik:201484467:1,00126-2022-0013,"Доставка на сметосъбираща техника за нуждите на общинско предприятие ""БКСО"", Община Несебър по обособени позиции., Обособена позиция 3: Доставка на един брой сметосъбиращ и сметоизвозващ автомобил тип",ОБЩИНА НЕСЕБЪР,000057122,"""АВТОКАМ БЪЛГАРИЯ"" ООД",201484467,company,34,Открита,2022-08-08,75557.18032753358,0,1
e:00126-2022-0013:55698:4:eik:130696746:1,00126-2022-0013,"Доставка на сметосъбираща техника за нуждите на общинско предприятие ""БКСО"", Община Несебър по обособени позиции., Обособена позиция 4: Доставка на един брой сметосъбиращ и сметоизвозващ автомобил тип",ОБЩИНА НЕСЕБЪР,000057122,"""БИ ЕМ ЛИЗИНГ-ТРЕЙД"" АД",130696746,company,34,Открита,2022-08-08,81181.39102069198,0,1
e:00126-2022-0014:63647:3:eik:102895118:1,00126-2022-0014,"Доставка на резервни части, материали и консумативи и ремонт на специализирани автомобили и механизация и автобуси на Община Несебър по обособени позиции., Обособена позиция 3: За нуждите на Общинска",ОБЩИНА НЕСЕБЪР,000057122,ЕВРОСЪРВИЗ ЕООД,102895118,company,34,Открита,2022-10-19,153387.56435886555,0,3
e:00126-2022-0014:67267:1:eik:102895118:1,00126-2022-0014,"Доставка на резервни части, материали и консумативи и ремонт на специализирани автомобили и механизация и автобуси на Община Несебър по обособени позиции., Обособена позиция 1: За нуждите на ОП ""БКСО""",ОБЩИНА НЕСЕБЪР,000057122,ЕВРОСЪРВИЗ ЕООД,102895118,company,34,Открита,2022-11-11,920325.3861531933,0,3
e:00126-2022-0014:67271:2:eik:102895118:1,00126-2022-0014,"Доставка на резервни части, материали и консумативи и ремонт на специализирани автомобили и механизация и автобуси на Община Несебър по обособени позиции., Обособена позиция 2: За нуждите на ОП ,,ПСО“",ОБЩИНА НЕСЕБЪР,000057122,ЕВРОСЪРВИЗ ЕООД,102895118,company,34,Открита,2022-11-11,230081.34653829833,0,3
e:00126-2022-0015:50607:_:eik:202268878:1,00126-2022-0015,"Основен ремонт на ОУ “Любен Каравелов“ – сгрaди с идентификатор 51500.501.377.1 и 51500.501.377.2., гр. Несебър- стара част,",ОБЩИНА НЕСЕБЪР,000057122,СТРОЙ ГРУП ИНЖЕНЕРИНГ ЕООД,202268878,company,45,Състезание,2022-06-14,259915.70330754717,1,2
e:00126-2022-0016:47568:_:eik:206063753:1,00126-2022-0016,"„ОСИГУРЯВАНЕ НА МЕСТА ЗА НОЩУВАНЕ НА КОМАНДИРОВАНИ СЛУЖИТЕЛИ ОТ СТРУКТУРИТЕ НА МВР,,",ОБЩИНА НЕСЕБЪР,000057122,БИВОЛАРОВ 2020 ЕООД,206063753,company,55,Състезание,2022-06-14,52151.77188201428,0,1
e:00126-2022-0017:55735:2:eik:201484467:1,00126-2022-0017,"Доставка на два броя автобуси за нуждите на общинско предприятие ""БКСО"", Община Несебър по обособени позиции., Обособена позиция 2: Доставка на един брой автобус за превоз на работници от категория М3",ОБЩИНА НЕСЕБЪР,000057122,"""АВТОКАМ БЪЛГАРИЯ"" ООД",201484467,company,34,Открита,2022-08-08,61241.007654039466,0,1
e:00126-2022-0019:50849:_:eik:103760963:1,00126-2022-0019,Упражняване на строителен надзор при изпълнение на строително-монтажни и ремонтни работи на общински обект: „Основен ремонт на ОУ “Любен Каравелов“ – сгрaди с идентификатор 51500.501.377.1 и 51500.50,ОБЩИНА НЕСЕБЪР,000057122,ДЕМА ЕООД,103760963,company,71,Състезание,2022-06-21,3446.1072792625127,0,9
e:00126-2022-0020:53829:_:eik:130570644:1,00126-2022-0020,"“Избор на изпълнител за извършване на СМР по пътна маркировка и пътна сигнализация, съобразно нуждите на Община Несебър, както следва: 1 - Полагане на нова хоризонтална пътна маркировка и възстановява",ОБЩИНА НЕСЕБЪР,000057122,"""Битулайт"" ООД",130570644,company,45,Събиране на оферти,2022-06-27,5490.298236554302,0,4
e:00126-2022-0023:49005:_:eik:131384920:1,00126-2022-0023,Избор на изпълнител за внедряване и обслужване на система за разплащания между ползвателите на услугата за платено кратковременно паркиране на МПС на територията на гр.Несебър.,ОБЩИНА НЕСЕБЪР,000057122,ЛИНК Мобилити България ЕАД,131384920,company,98,Събиране на оферти,2022-06-27,35790.431683735296,0,1
e:00126-2022-0024:55651:_:eik:812234314:1,00126-2022-0024,"""Доставка, монтаж, демонтаж и баланс на гуми за служебните автомобилите на Община Несебър""",ОБЩИНА НЕСЕБЪР,000057122,РЕЗЕРВИМПЕКС ЕООД,812234314,company,34,Открита,2022-08-12,332339.722777542,0,3
e:00126-2022-0026:77080:_:eik:120564924:1,00126-2022-0026,"СМР НА ОБЕКТ: ,,ПРЕРАБОТКА И АКТУАЛИЗАЦИЯ НА СЪЩЕСТВУВАЩ ПРОЕКТ ЗА ВОДОПРОВОДНА МРЕЖА НА С. ОРИЗАРЕ, ОБЩИНА НЕСЕБЪР- I ЕТАП„",ОБЩИНА НЕСЕБЪР,000057122,АРТСТРОЙ ООД,120564924,company,45,Състезание,2023-01-23,1494095.8467760491,0,6
e:00126-2022-0027:75025:_:eik:147043618:1,00126-2022-0027,"СМР НА ОБЕКТ : „Улица между квартали 3101, 3102, 3301, 3302, 3401, 3403, 3405 и 3502 /от46 до от335/ КК „Слънчев бряг-Запад”, общ.Несебър",ОБЩИНА НЕСЕБЪР,000057122,АГРО-САМ ЕООД,147043618,company,45,Състезание,2022-12-08,837250.4307634099,0,6
e:00126-2022-0028:78426:_:eik:147146949:1,00126-2022-0028,"СМР НА ОБЕКТ"" ,,Временни паркинги и временно благоустрояване от о.т 22 до о.т. 41 по плана на к.к. ,,Слънчев бряг - запад""",ОБЩИНА НЕСЕБЪР,000057122,БРИЛЯНТ-СЛЪНЧЕВ БРЯГ ООД,147146949,company,45,Състезание,2023-01-16,841726.9445708472,0,8
e:00126-2022-0030:78441:_:eik:102914853:1,00126-2022-0030,"СМР НА ОСТАВАЩА ЧАСТ ОТ ОБЕКТ: "" СПОРТНА ЗАЛА В УПИ VI-ОБЩ. КВ. 403 ПО ПЛАНА НА КК НЕСЕБЪР, СЛ. БРЯГ-ЗАПАД С КАДАСТРАЛЕН №51500.508.89 """,ОБЩИНА НЕСЕБЪР,000057122,БУРГОС СТРОЙ ЕООД,102914853,company,45,Състезание,2023-01-18,1242249.9808265544,0,10
e:00126-2022-0032:62013:_:eik:102890249:1,00126-2022-0032,"Доставка на фабрично нов, товарен автомобил с надстройка тип „Мултилифт“ за нуждите на ОП ""Управление на отпадъците"", Община Несебър.",ОБЩИНА НЕСЕБЪР,000057122,ХИДРО МАТ ЕООД,102890249,company,34,Открита,2022-10-04,201960.29307250632,0,1
e:00126-2022-0033:81991:_:eik:109569744:1,00126-2022-0033,Доставка чрез покупка на нови транспортни контейнери с вместимост 30м3 за нуждите на ПСО - гр. Несебър,ОБЩИНА НЕСЕБЪР,000057122,МАГ ООД,109569744,company,44,Открита,2023-02-28,198892.541785329,0,3
e:00126-2022-0034:56251:_:eik:102890249:1,00126-2022-0034,"„Извършване на поддържане, обслужване и ремонти на компактираща инсталация, находяща се на територията на ПСО – Несебър, собственост на Община Несебър”.",ОБЩИНА НЕСЕБЪР,000057122,ХИДРО МАТ ЕООД,102890249,company,50,Събиране на оферти,2022-08-18,35790.431683735296,0,1
e:00126-2022-0036:63317:_:eik:202199955:1,00126-2022-0036,"СМР НА ОБЕКТ: Отоплителна инсталация с котелно помещение и нафтено стопанство за ОУ ""Г.С. Раковски"" в УПИ IV, кв. 36, с. Оризаре общ. Несебър /ПИ с идент.53822.501.340 по КК/",ОБЩИНА НЕСЕБЪР,000057122,ТОДИС СТРОЙ ЕООД,202199955,company,45,Състезание,2022-10-14,234870.4028468732,0,2
e:00126-2022-0037:58637:1:eik:202360052:1,00126-2022-0037,"""Доставка на 2 бр. МПС за нуждите на Община Несебър по обособени позиции"", Обособена позиция 1: Доставка на 1 бр. употребявано МПС с минимум 9 места",ОБЩИНА НЕСЕБЪР,000057122,АУТО КА ЕООД,202360052,company,34,Събиране на оферти,2022-09-05,13293.58891110168,0,1
e:00126-2022-0037:58641:2:eik:202360052:1,00126-2022-0037,"""Доставка на 2 бр. МПС за нуждите на Община Несебър по обособени позиции"", Обособена позиция 2: Доставка на 1 бр. употребявано МПС с минимум 3 места.",ОБЩИНА НЕСЕБЪР,000057122,АУТО КА ЕООД,202360052,company,34,Събиране на оферти,2022-09-05,8180.6700991394955,0,1
e:00126-2022-0038:68095:_:eik:102833771:1,00126-2022-0038,",,РЕМОНТ НА ЮЖЕН ПАРК НЕСЕБЪР , ЕТАП I- ДЕТСКИ ПЛОЩАДКИ ,ФИТНЕС НА ОТКРИТО """,ОБЩИНА НЕСЕБЪР,000057122,БУРГАСЦВЕТ - 90 - ТАНЕВ ЕООД,102833771,company,45,Състезание,2022-11-07,255633.62357669123,0,5
e:00126-2022-0039:68629:2:eik:102603425:1,00126-2022-0039,Упражняване на строителен надзор при изпълнение на строително-монтажни и ремонтни работи на общински обекти по обособени позиции:Обособена позиция № 2 - „Преработка и актуализация на съществуващ проек,ОБЩИНА НЕСЕБЪР,000057122,"""ВАСТРОЙ-КОНСУЛТ"" ООД",102603425,company,71,Открита,2022-11-14,9049.866297173068,0,4
e:00126-2022-0039:68656:4:eik:177476575:1,00126-2022-0039,Упражняване на строителен надзор при изпълнение на строително-монтажни и ремонтни работи на общински обекти по обособени позиции: Обособена позиция 4: Отоплителна инсталация с котелно помещение и нафт,ОБЩИНА НЕСЕБЪР,000057122,"""В КОНСУЛТ БУРГАС""",177476575,company,71,Открита,2022-11-14,2403.071841622227,0,3
e:00126-2022-0039:71324:1:eik:202365512:1,00126-2022-0039,"Упражняване на строителен надзор при изпълнение на строително-монтажни и ремонтни работи на общински обекти по обособени позиции:Обособена позиция № 1 - ,,Временни паркинги и временно благоустрояване",ОБЩИНА НЕСЕБЪР,000057122,"""В Консулт проект"" ЕООД",202365512,company,71,Открита,2022-11-23,5317.435564440672,0,9
e:00126-2022-0041:59760:_:eik:831642181:1,00126-2022-0041,„ПРЕДОСТАВЯНЕ НА ЕЛЕКТРОННИ СЪОБЩИТЕЛНИ УСЛУГИ ЗА НУЖДИТЕ НА ОБЩИНА НЕСЕБЪР ЧРЕЗ ОБЩЕСТВЕНА ФИКСИРАНА ЕЛЕКТРОННА СЪОБЩИТЕЛНА МРЕЖА“,ОБЩИНА НЕСЕБЪР,000057122,"""БТК"" ЕАД",831642181,company,32,Събиране на оферти,2022-09-15,35790.431683735296,0,1
e:00126-2022-0042:64510:_:eik:206942872:1,00126-2022-0042,"“ СМР НА ОБЕКТ : „ЕКО ПЪТЕКА С. КОШАРИЦА – МЕСТНОСТ ПЛАЗОВЕЦ, ОБЩИНА НЕСЕБЪР“",ОБЩИНА НЕСЕБЪР,000057122,Хадистрой ЕООД,206942872,company,45,Събиране на оферти,2022-10-20,117137.52217728534,0,3
e:00126-2022-0043:65665:_:eik:202519316:1,00126-2022-0043,"""Доставка на плодове и зеленчуци за нуждите на ""Домашен социален патронаж"" и ""Детска млечна кухня"" на територията на община Несебър""",ОБЩИНА НЕСЕБЪР,000057122,ЗЛАТИСЛАВА 07 ЕООД,202519316,company,15,Състезание,2022-10-18,15338.756435886555,0,1
e:00126-2022-0044:65619:_:eik:104017998:1,00126-2022-0044,Изработка по визуализиран дизайн на Възложителя и доставка на метални елементи със съпътстващо осветление по ел.стълбове и площадни пространства.,ОБЩИНА НЕСЕБЪР,000057122,ХИТ ООД,104017998,company,39,Състезание,2022-10-27,65095.12585449656,0,1
e:00126-2022-0045:78622:_:eik:102003626:1,00126-2022-0045,"Авариен основен ремонт на главен канализационен колектор Ф500 в съществуваща алея, реконструкция на КПС - 1 и прилежащата техническа инфраструктура, находящи се в ПИ 53045.503.323; ПИ 53045.503.324; П",ОБЩИНА НЕСЕБЪР,000057122,ТРАНССТРОЙ-БУРГАС АД,102003626,company,45,Състезание,2023-01-27,904730.3037585065,0,2
e:00126-2022-0046:78445:_:eik:120564924:1,00126-2022-0046,"СМР НА ОБЕКТ: ВОДОСНАБДЯВАНЕ И КАНАЛИЗАЦИЯ НА С. ГЮЛЬОВЦА, ОБЩИНА НЕСЕБЪР ПОДОБЕКТ: СЕЛИЩНА ВОДОПРОВОДНА СИСТЕМА НА С. ГЮЛЬОВЦА, ОБЩИНА НЕСЕБЪР - ЕТАП 1",ОБЩИНА НЕСЕБЪР,000057122,АРТСТРОЙ ООД,120564924,company,45,Състезание,2023-01-19,1483873.5115015109,0,3
e:00126-2022-0047:70944:_:eik:200358273:1,00126-2022-0047,"Доставка на фабрично нова техника/оборудване тип „Шредер“ за нуждите на ОП ,,Управление на отпадъците-Несебър”",ОБЩИНА НЕСЕБЪР,000057122,"""ЕКОСОЛ БЪЛГАРИЯ"" АД",200358273,company,42,Открита,2022-12-07,250533.02178614706,0,2
e:00126-2022-0048:74006:_:eik:200970046:1,00126-2022-0048,"СМР на обект: Улица ""Искър"" от о.т.570-571-574-578-578 с. Равда",ОБЩИНА НЕСЕБЪР,000057122,ЕИВ ЕООД,200970046,company,45,Състезание,2022-12-23,158488.26329486712,0,4
e:00126-2022-0049:66288:_:eik:102981058:1,00126-2022-0049,"Улично осветление по булевард „България“, с идентификатор 61056.501.622, село Равда, Община Несебър",ОБЩИНА НЕСЕБЪР,000057122,ЕЛЕКТРИКАЛ ГРУП ООД,102981058,company,45,Събиране на оферти,2022-11-04,89880.89966919416,0,2
e:00126-2022-0050:68664:3:eik:200007801:1,00126-2022-0050,"Упражняване на строителен надзор при изпълнение на строително-монтажни и ремонтни работи на общински обекти по 5 обособени позиции: , Обособена позиция 3: Обособена позиция № 3 - „Еко пътека с. Кошари",ОБЩИНА НЕСЕБЪР,000057122,Т 7 консулт ЕООД,200007801,company,71,Открита,2022-11-14,1482.7464554690337,0,3
e:00126-2022-0050:71345:1:eik:202365512:1,00126-2022-0050,"Упражняване на строителен надзор при изпълнение на строително-монтажни и ремонтни работи на общински обекти по 5 обособени позиции: , Обособена позиция № 1 - ,,СМР на обект: Улица ""Искър"" от о.т.570-",ОБЩИНА НЕСЕБЪР,000057122,"""В Консулт проект"" ЕООД",202365512,company,71,Открита,2022-11-24,1891.7799604260085,0,2
e:00126-2022-0050:71352:2:eik:103939400:1,00126-2022-0050,Упражняване на строителен надзор при изпълнение на строително-монтажни и ремонтни работи на общински обекти по 5 обособени позиции: Обособена позиция № 2 – “Улично Осветление По Булевард „България“ С,ОБЩИНА НЕСЕБЪР,000057122,РАЙНОВА КОНСУЛТИНГ ООД,103939400,company,71,Открита,2022-11-29,1866.2153663661975,0,1
e:00126-2022-0050:71373:4:eik:202028452:1,00126-2022-0050,Упражняване на строителен надзор при изпълнение на строително-монтажни и ремонтни работи на общински обекти по 5 обособени позиции: Обособена позиция № 4 – „Авариен основен ремонт на главен канализаци,ОБЩИНА НЕСЕБЪР,000057122,СТРОИТЕЛ БГ ЕООД,202028452,company,71,Открита,2022-11-29,5752.033663457458,0,4
e:00126-2022-0050:72834:5:eik:205106835:1,00126-2022-0050,"Упражняване на строителен надзор при изпълнение на строително-монтажни и ремонтни работи на общински обекти по 5 обособени позиции: , Обособена позиция 5: Обособена позиция № 5 - “СМР На Обект: Водосн",ОБЩИНА НЕСЕБЪР,000057122,ПГМ 28 КОНСУЛТ ООД,205106835,company,71,Открита,2022-11-29,6467.842297132164,0,4
e:00126-2022-0051:68157:_:eik:202268878:1,00126-2022-0051,"РЕВИТАЛИЗАЦИЯ, ОБОГАТЯВАНЕ НА ЕКСПОЗИЦИЯ И ТЕКУЩ РЕМОНТ ПО ЧЛ. 151 ОТ ЗУТ НА КЪЩА НА МОСКОЯНОВ – ЕТНОГРАФСКИ МУЗЕЙ В ГР. НЕСЕБЪР",ОБЩИНА НЕСЕБЪР,000057122,СТРОЙ ГРУП ИНЖЕНЕРИНГ ЕООД,202268878,company,45,Състезание,2022-11-17,190850.07388167683,1,1
e:00126-2022-0052:77995:_:eik:102981058:1,00126-2022-0052,"ОСВЕТЛЕНИЕ НА ВРЕМЕННИ ПАРКИНГИ И ВРЕМЕННО БЛАГОУСТРОЯВАНЕ ОТ О.Т. 22 ДО О.Т. 41 ПО ПЛАНА НА КК СЛЪНЧЕВ БРЯГ-ЗАПАД, ОБЩИНА НЕСЕБЪР.",ОБЩИНА НЕСЕБЪР,000057122,ЕЛЕКТРИКАЛ ГРУП ООД,102981058,company,45,Състезание,2023-01-06,168831.98948783893,0,4
e:00126-2022-0053:77982:_:eik:200052294:1,00126-2022-0053,"“БЛАГОУСТРОЯВАНЕ И РЕМОНТ НА УЛ.""МАКЕДОНИЯ"" ЧАСТ ОТ ПИ 61056.502.538 В УЧАСТЪКА ОТ О.Т.61-103-44-40-36 ДО О.Т.166 В С.РАВДА, ОБЩИНА НЕСЕБЪР”",ОБЩИНА НЕСЕБЪР,000057122,ДС. МАКАДАМ ООД,200052294,company,45,Състезание,2023-01-06,344447.33949269616,0,4
e:00126-2022-0054:68336:_:eik:102182129:1,00126-2022-0054,Доставка на основни хранителни продукти за нуждите на „Домашен социален патронаж“ и „Детска млечна кухня“ на територията на община Несебър,ОБЩИНА НЕСЕБЪР,000057122,ИВ ТРЕЙД ООД,102182129,company,15,Състезание,2022-11-17,76693.78217943278,0,2
e:00126-2022-0055:65567:2:eik:102811636:1,00126-2022-0055,"Публикации на обяви, съобщения и други текстове, свързани с дейността на Община Несебър по обособени позиции., Обособена позиция 2: Публикации на обяви, съобщения и други текстове, свързани с дейностт",ОБЩИНА НЕСЕБЪР,000057122,ЕТ МАРАМ - МАРА МОМЧИЛОВА,102811636,company,22,Събиране на оферти,2022-10-27,10225.83762392437,0,1
e:00126-2022-0055:66453:1:eik:202217061:1,00126-2022-0055,"Публикации на обяви, съобщения и други текстове, свързани с дейността на Община Несебър по обособени позиции., Обособена позиция 1: Публикации на обяви, съобщения и други текстове, свързани с дейностт",ОБЩИНА НЕСЕБЪР,000057122,ПРО НЮЗ БЪЛГАРИЯ АД,202217061,company,22,Събиране на оферти,2022-11-02,21474.259010241178,0,1
e:00126-2022-0056:64323:_:eik:102778667:1,00126-2022-0056,"СМР на обект: „Авариен ремонт на съществуваща подпорна стена по западната граница на УПИ XII – 226, кв. 31, ПИ 53045.501.226 по КК на град Обзор с административен адрес ул. „Дунав“ №2 и част от улица",ОБЩИНА НЕСЕБЪР,000057122,АКЗ - БУРГАС ЕООД,102778667,company,45,Събиране на оферти,2022-10-20,43571.9771145754,0,1
e:00126-2022-0057:72786:3:eik:177476575:1,00126-2022-0057,"Упражняване на строителен надзор при изпълнение на строително-монтажни и ремонтни работи на общински обекти по 7 обособени позиции:, Обособена позиция 3: „Улица между квартали 3101, 3102, 3301, 3302,",ОБЩИНА НЕСЕБЪР,000057122,"""В КОНСУЛТ БУРГАС""",177476575,company,71,Открита,2022-12-15,4448.2393664071005,0,3
e:00126-2022-0057:72794:7:eik:102603425:1,00126-2022-0057,"Упражняване на строителен надзор при изпълнение на строително-монтажни и ремонтни работи на общински обекти по 7 обособени позиции:, Обособена позиция 7: “Благоустрояване на дворно пространство ДГ „Ян",ОБЩИНА НЕСЕБЪР,000057122,"""ВАСТРОЙ-КОНСУЛТ"" ООД",102603425,company,71,Открита,2022-12-15,2249.6842772633613,0,3
e:00126-2022-0057:74433:1:eik:202365512:1,00126-2022-0057,"Упражняване на строителен надзор при изпълнение на строително-монтажни и ремонтни работи на общински обекти по 7 обособени позиции:, Обособена позиция 1: Обособена позиция № 1 - ,,Благоустрояване и ре",ОБЩИНА НЕСЕБЪР,000057122,"""В Консулт проект"" ЕООД",202365512,company,71,Открита,2022-12-21,1994.0383366652522,0,4
e:00126-2022-0057:74445:2:eik:103939400:1,00126-2022-0057,"Упражняване на строителен надзор при изпълнение на строително-монтажни и ремонтни работи на общински обекти по 7 обособени позиции:, Обособена позиция 2: „Осветление на временни паркинги и временно бл",ОБЩИНА НЕСЕБЪР,000057122,РАЙНОВА КОНСУЛТИНГ ООД,103939400,company,71,Открита,2022-12-21,4744.788657500908,0,1
e:00126-2022-0057:74456:5:eik:103760963:1,00126-2022-0057,"Упражняване на строителен надзор при изпълнение на строително-монтажни и ремонтни работи на общински обекти по 7 обособени позиции:, Обособена позиция 5: “Улица ""Дунав"" от о.т. 564-565-567-569 с. Равд",ОБЩИНА НЕСЕБЪР,000057122,ДЕМА ЕООД,103760963,company,71,Открита,2022-12-21,3998.3025109544287,0,1
e:00126-2022-0057:74465:6:eik:102612748:1,00126-2022-0057,"Упражняване на строителен надзор при изпълнение на строително-монтажни и ремонтни работи на общински обекти по 7 обособени позиции:, Обособена позиция 6: “Реконструкция и модернизация на част от уличн",ОБЩИНА НЕСЕБЪР,000057122,ДЕДАЛ ЕООД,102612748,company,71,Открита,2022-12-21,3681.3015446127733,0,1
e:00126-2022-0058:77994:_:eik:102981058:1,00126-2022-0058,"РЕКОНСТРУКЦИЯ И МОДЕРНИЗАЦИЯ НА ЧАСТ ОТ УЛИЧНО ОСВЕТЛЕНИЕ НА УЛ. МАКЕДОНИЯ В ПИ 61056.502.538 ОТ О.Т 61 ДО О.Т. 166 И НА УЛ. НЕСЕБЪР В ПИ 61056.501.520 ОТ О.Т.166 ДО О.Т 637 В С.РАВДА, ОБЩИНА НЕСЕБЪР",ОБЩИНА НЕСЕБЪР,000057122,ЕЛЕКТРИКАЛ ГРУП ООД,102981058,company,45,Състезание,2023-01-06,154350.51103623526,0,4
e:00126-2022-0059:75035:_:eik:201287384:1,00126-2022-0059,"Благоустрояване на дворно пространство ДГ „Яна Лъскова“ УПИ: I-общ., кв.63, гр.Несебър, Община Несебър",ОБЩИНА НЕСЕБЪР,000057122,ТЕРМО ЛАЙФ ЕООД,201287384,company,45,Състезание,2022-12-21,367064.9954239377,0,3
e:00126-2022-0060:69898:1:eik:202580187:1,00126-2022-0060,"Премахване на сгради на териториите на к.к.Слънчев бряг и с.Гюльовца, по обособени позиции., Обособена позиция 1: Премахване на строеж: Стол „Балкан“ и едноетажна обслужваща сграда, находящи се в ПИ с",ОБЩИНА НЕСЕБЪР,000057122,АСП-ЕЙНДЖЪЛ ООД,202580187,company,45,Събиране на оферти,2022-11-30,76484.40815408292,0,6
e:00126-2022-0060:72528:2:eik:204736650:1,00126-2022-0060,"Премахване на сгради на териториите на к.к.Слънчев бряг и с.Гюльовца, по обособени позиции., Обособена позиция 2: Премахване на сграда с предназначение за фурна, находящи се в ПИ с идентификатор 18469",ОБЩИНА НЕСЕБЪР,000057122,Хидрострой България ЕООД,204736650,company,45,Събиране на оферти,2022-12-13,11090.892357720253,0,3
e:00126-2022-0062:79120:_:eik:202268878:1,00126-2022-0062,"СМР на обект: Скейт парк в УПИ I, кв.78 по плана на гр. Несебър",ОБЩИНА НЕСЕБЪР,000057122,СТРОЙ ГРУП ИНЖЕНЕРИНГ ЕООД,202268878,company,45,Състезание,2023-02-07,359296.3192097473,1,4
e:00126-2022-0064:76677:_:eik:200970046:1,00126-2022-0064,"„СМР на обект: Улица ""Дунав"" от о.т.564-565-567-569 с.Равда“",ОБЩИНА НЕСЕБЪР,000057122,ЕИВ ЕООД,200970046,company,45,Събиране на оферти,2023-01-16,132784.86371514905,0,3
e:00126-2022-0065:87443:_:eik:201753330:1,00126-2022-0065,"„Реконструкция на улична мрежа: ул.“Месамбрия“/частично/ между о.т.92 – о.т.93 – о.т.60 – о.т.59 – о.т.58 – о.т.50 по регулационния план на гр.Несебър-стар град, община Несебър“",ОБЩИНА НЕСЕБЪР,000057122,ФЕНИКС БИЛДИНГ ЕООД,201753330,company,45,Състезание,2023-04-12,174727.8648962333,0,6
e:00126-2022-0066:74700:_:eik:201287384:1,00126-2022-0066,"""Ремонт на северната алея в гр.Несебър в участъка на провлака свързващ стария с новия град"".",ОБЩИНА НЕСЕБЪР,000057122,ТЕРМО ЛАЙФ ЕООД,201287384,company,45,Събиране на оферти,2023-01-04,112483.57474831658,0,5
e:00126-2022-0067:77032:_:eik:102981058:1,00126-2022-0067,"СМР на ел. мрежи в УПИ 1, кв. 78 по плана на гр. Несебър",ОБЩИНА НЕСЕБЪР,000057122,ЕЛЕКТРИКАЛ ГРУП ООД,102981058,company,45,Събиране на оферти,2023-01-20,34085.60559966868,0,3
e:00126-2022-0069:81605:_:eik:201637945:1,00126-2022-0069,"СМР за обект: Обслужваща скейт парка околна среда в УПИ І, кв.78 по плана на гр. Несебър със санитарен възел.",ОБЩИНА НЕСЕБЪР,000057122,ХОУМ СЪРВИС ЕООД,201637945,company,45,Състезание,2023-02-20,82331.14841269437,0,2
e:00126-2022-0070:76383:_:eik:131384920:1,00126-2022-0070,Избор на посредник за разплащания между ползвателите на услугата за платено кратковременно паркиране на МПС и Община Несебър,ОБЩИНА НЕСЕБЪР,000057122,ЛИНК Мобилити България ЕАД,131384920,company,98,Събиране на оферти,2023-01-06,35790.431683735296,0,1
e:00126-2022-0071:75542:_:eik:202580187:1,00126-2022-0071,"Премахване на търговски обекти находящи се в УПИ I, кв.105 по плана на гр.Несебър, община Несебър (идентификатор ПИ 51500.501.452 и ПИ 51500.501.352 по КК и КР Oбщина Несебър).",ОБЩИНА НЕСЕБЪР,000057122,АСП-ЕЙНДЖЪЛ ООД,202580187,company,45,Събиране на оферти,2023-01-10,30064.218260278245,0,2
e:00126-2022-0072:81704:_:eik:130696746:1,00126-2022-0072,"""Доставка на автомобил с цистерна, воден монитор и дюзи за миене и дезинфекция на обществени площи и пожарогасене""",ОБЩИНА НЕСЕБЪР,000057122,"""БИ ЕМ ЛИЗИНГ-ТРЕЙД"" АД",130696746,company,34,Открита,2023-02-21,108791.15260528779,0,1
e:00126-2022-0073:85931:_:eik:201287384:1,00126-2022-0073,"СМР НА ОБЕКТ: „ЗАПАДНА АЛЕЯ НА ПЪТ IV-90046 /от ПИ 39164.13.48 до ПИ 39164.502.2/, с.КОШАРИЦА, ОБЩИНА НЕСЕБЪР. ‘‘",ОБЩИНА НЕСЕБЪР,000057122,ТЕРМО ЛАЙФ ЕООД,201287384,company,45,Състезание,2023-03-28,168051.9268034543,0,5
e:00126-2022-0074:79422:_:name:NIKOLAY PEEV:1,00126-2022-0074,"Упражняване на строителен надзор при изпълнение на строително-монтажни и ремонтни работи за обект: “Скейт парк в УПИ I, кв. 78 по плана на гр. Несебър”",ОБЩИНА НЕСЕБЪР,000057122,Nikolay Peev,,company,71,Пряко / без обявление,2023-02-07,8691.961980335715,0,1
e:00126-2022-0075:79825:_:eik:128049011:1,00126-2022-0075,"""Доставка на мебели за обзавеждане на пристройка на ДГ ""Слънце"", к.к. ""Слънчев бряг"", община Несебър""",ОБЩИНА НЕСЕБЪР,000057122,"""КАН-УЧТЕХСПОРТ-БУЛГАРИЯ"" ЕООД",128049011,company,39,Състезание,2023-02-07,26247.015333643518,0,8
e:00126-2022-0076:83465:_:eik:102981058:1,00126-2022-0076,"УЛИЧНО И АЛЕЙНО ОСВЕТЛЕНИЕ В ПИ 51500.507.227, ПИ 51500.505.250 И ЧАСТ ОТ ПИ 51500.507.266 В КК СЛЪНЧЕВ БРЯГ-ЗАПАД, ОБЩИНА НЕСЕБЪР",ОБЩИНА НЕСЕБЪР,000057122,ЕЛЕКТРИКАЛ ГРУП ООД,102981058,company,45,Състезание,2023-02-20,169039.07292556102,0,2
e:00126-2022-0077:79112:_:eik:201287384:1,00126-2022-0077,"„СМР на обект: Външни и площадкови ВиК мрежи в УПИ I и II, кв. 78, по плана на гр. Несебър",ОБЩИНА НЕСЕБЪР,000057122,ТЕРМО ЛАЙФ ЕООД,201287384,company,45,Събиране на оферти,2023-02-07,126035.85178670949,0,3
e:00126-2023-0001:80174:_:name:DUSHKO OPARLAKOV:1,00126-2023-0001,"Упражняване на авторски надзор на обект : ,,Авариен основен ремонт на крайбрежна алея с главен канализационен колектор Ф500, находящ се в ПИ с идентификатор по кадастралната карта 53045.225.86 по пл",ОБЩИНА НЕСЕБЪР,000057122,Dushko Oparlakov,,company,71,Договаряне с покана,2023-02-15,9203.253861531934,0,1
e:00126-2023-0002:80697:_:eik:202627726:1,00126-2023-0002,"Упражняване на авторски надзор за обект: ""СМР на обект: Скейт парк в УПИ I, кв. 78 по плана на гр. Несебър""",ОБЩИНА НЕСЕБЪР,000057122,Джерамис Интернешънъл ЕООД,202627726,company,71,Договаряне с покана,2023-02-15,10220.724705112409,0,1
e:00126-2023-0003:88624:_:eik:201753330:1,00126-2023-0003,Ремонт на мини игрище за футбол и баскетбол в ПИ 51500.501.516 в гр.Несебър-стар град.,ОБЩИНА НЕСЕБЪР,000057122,ФЕНИКС БИЛДИНГ ЕООД,201753330,company,45,Състезание,2023-04-05,133960.5947347162,0,8
e:00126-2023-0004:85670:_:eik:121305650:1,00126-2023-0004,"Реновиране на детски площадки в крайморски парк с.Равда, община Несебър",ОБЩИНА НЕСЕБЪР,000057122,ЕТ АНИМАТ - АНГЕЛ АНГЕЛОВ,121305650,company,45,Състезание,2023-03-30,37926.3535174325,0,5
e:00126-2023-0005:85820:4:eik:202365512:1,00126-2023-0005,"Упражняване на строителен надзор при изпълнение на строително-монтажни и ремонтни работи на общински обекти по 8 обособени позиции:, Обособена позиция 4: Улично и алейно осветление в ПИ 51500.507.227,",ОБЩИНА НЕСЕБЪР,000057122,"""В Консулт проект"" ЕООД",202365512,company,71,Открита,2023-04-03,2403.071841622227,0,4
e:00126-2023-0005:87535:1:eik:102603425:1,00126-2023-0005,"Упражняване на строителен надзор при изпълнение на строително-монтажни и ремонтни работи на общински обекти по 8 обособени позиции:, Обособена позиция 1: СМР на обект: Външни и площадкови ВиК мрежи в",ОБЩИНА НЕСЕБЪР,000057122,"""ВАСТРОЙ-КОНСУЛТ"" ООД",102603425,company,71,Открита,2023-04-04,1636.1340198278992,0,3
e:00126-2023-0005:87569:3:eik:114688344:1,00126-2023-0005,"Упражняване на строителен надзор при изпълнение на строително-монтажни и ремонтни работи на общински обекти по 8 обособени позиции:, Обособена позиция 3: СМР на обект: „Западна алея на път IV-90046 /о",ОБЩИНА НЕСЕБЪР,000057122,"""ВЕДИПЕМА"" ЕООД",114688344,company,71,Открита,2023-04-06,4090.3350495697478,0,2
e:00126-2023-0005:87577:5:eik:102078098:1,00126-2023-0005,"Упражняване на строителен надзор при изпълнение на строително-монтажни и ремонтни работи на общински обекти по 8 обособени позиции:, Обособена позиция 5: Реконструкция на улична мрежа: ул. “Месамбрия“",ОБЩИНА НЕСЕБЪР,000057122,Актив-Р ЕООД,102078098,company,71,Открита,2023-04-04,1636.1340198278992,0,2
e:00126-2023-0005:87582:7:eik:177476575:1,00126-2023-0005,"Упражняване на строителен надзор при изпълнение на строително-монтажни и ремонтни работи на общински обекти по 8 обособени позиции:, Обособена позиция 7: Реконструкция и разширение на съществуваща де",ОБЩИНА НЕСЕБЪР,000057122,"""В КОНСУЛТ БУРГАС""",177476575,company,71,Открита,2023-04-04,1891.7799604260085,0,2
e:00126-2023-0005:87594:8:eik:200007801:1,00126-2023-0005,"Упражняване на строителен надзор при изпълнение на строително-монтажни и ремонтни работи на общински обекти по 8 обособени позиции:, Обособена позиция 8: Благоустрояване и детска площадка в ПИ 39164.5",ОБЩИНА НЕСЕБЪР,000057122,Т 7 консулт ЕООД,200007801,company,71,Открита,2023-04-04,1687.263207947521,0,1
e:00126-2023-0006:92816:_:eik:121370541:1,00126-2023-0006,",,Избор на изпълнител за извършване на дезинсекционни и дератизационни дейности в регулацията на населените места на територията на община Несебър за период от три години“",ОБЩИНА НЕСЕБЪР,000057122,"""Д.Д.Д. - 1"" ООД",121370541,company,90,Открита,2023-05-17,230081.34653829833,0,6
e:00126-2023-0007:88669:_:eik:121305650:1,00126-2023-0007,"Реконструкция и разширение на съществуваща детска площадка в УПИ V кв.15 по плана на ж.к. ""Черно море"" гр.Несебър",ОБЩИНА НЕСЕБЪР,000057122,ЕТ АНИМАТ - АНГЕЛ АНГЕЛОВ,121305650,company,45,Състезание,2023-04-19,143126.99979037035,0,4
e:00126-2023-0008:85699:_:eik:201287384:1,00126-2023-0008,"Реконструкция и разширение на съществуваща детска площадка в УПИ VIII кв.12 по плана на ж.к. ""Черно море"" гр.Несебър",ОБЩИНА НЕСЕБЪР,000057122,ТЕРМО ЛАЙФ ЕООД,201287384,company,45,Събиране на оферти,2023-03-30,87215.66802840737,0,4
e:00126-2023-0009:92129:_:eik:117668770:1,00126-2023-0009,"“Ремонт на площадки за игра в ДГ „Слънце“ в к. к. Сл. бряг - запад, община Несебър“",ОБЩИНА НЕСЕБЪР,000057122,"""Металпласт Инженеринг"" ЕООД",117668770,company,45,Състезание,2023-05-03,75479.4383969977,0,5
e:00126-2023-0010:83237:_:eik:102045504:1,00126-2023-0010,"Доставка на нов неупотребяван лекотоварен автомобил за нуждите на Домашен социален патронаж, гр.Несебър.",ОБЩИНА НЕСЕБЪР,000057122,Ес Еф Ей Ритейл - Бургас ООД,102045504,company,34,Събиране на оферти,2023-03-10,16860.46844562155,0,2
e:00126-2023-0012:88121:_:eik:102981058:1,00126-2023-0012,"Ново улично осветление на Западна алея на път ІV-90046 от ПИ 39164.13.48 до ПИ 39164.502.2, с.Кошарица, общ.Несебър",ОБЩИНА НЕСЕБЪР,000057122,ЕЛЕКТРИКАЛ ГРУП ООД,102981058,company,45,Състезание,2023-04-06,157909.6342729174,0,1
e:00126-2023-0013:99383:_:eik:147043618:1,00126-2023-0013,"СМР НА ОБЕКТ: ВЕЛОАЛЕЯ ЮЖНО ОТ ТРЕТОКЛАСЕН ОБЩИНСКИ ПЪТ III -9061 /КК“СЛЪНЧЕВ БРЯГ“-с, ТЪНКОВО/",ОБЩИНА НЕСЕБЪР,000057122,АГРО-САМ ЕООД,147043618,company,45,Състезание,2023-05-29,358369.2856741128,0,7
e:00126-2023-0014:102161:_:eik:103785856:1,00126-2023-0014,"Ремонт на спортна площадка и изграждане на прилежащи спортни кътове в ОУ „Св. Св. Кирил и Методий“, гр. Св. Влас, Община Несебър",ОБЩИНА НЕСЕБЪР,000057122,ПАНОВ ЕООД,103785856,company,45,Състезание,2023-07-17,228462.80607210236,0,1
e:00126-2023-0015:101180:2:eik:201486016:1,00126-2023-0015,ТЕКУЩ РЕМОНТ НА ДЕТСКИ ПЛОЩАДКИ НА ТЕРИТОРИЯТА НА ОБЩИНА НЕСЕБЪР ПО ОБОСОБЕНИ ПОЗИЦИИ,ОБЩИНА НЕСЕБЪР,000057122,ЕСПИ ИНВЕСТ ООД,201486016,company,45,Състезание,2023-06-27,97130.7475598595,0,2
e:00126-2023-0015:94772:3:eik:202268878:1,00126-2023-0015,"ТЕКУЩ РЕМОНТ НА ДЕТСКИ ПЛОЩАДКИ НА ТЕРИТОРИЯТА НА ОБЩИНА НЕСЕБЪР ПО СЛЕДНИТЕ ОБОСОБЕНИ ПОЗИЦИИ- ОБОСОБЕНА ПОЗИЦИЯ 3: РЕМОНТ НА ДЕТСКА ПЛОЩАДКА В ПИ 51500.502.341 ГР.НЕСЕБЪР. , Обособена позиция 3: ОБ",ОБЩИНА НЕСЕБЪР,000057122,СТРОЙ ГРУП ИНЖЕНЕРИНГ ЕООД,202268878,company,45,Състезание,2023-05-26,63500.02812105347,0,2
e:00126-2023-0016:94524:2:eik:103939400:1,00126-2023-0016,"Упражняване на строителен надзор при изпълнение на строително-монтажни и ремонтни работи на общински обекти по 4 обособени позиции:, Обособена позиция 2: Обособена позиция № 2 - „Ново улично осветлени",ОБЩИНА НЕСЕБЪР,000057122,РАЙНОВА КОНСУЛТИНГ ООД,103939400,company,71,Открита,2023-05-18,1891.7799604260085,0,5
e:00126-2023-0016:94913:1:eik:205106835:1,00126-2023-0016,"Упражняване на строителен надзор при изпълнение на строително-монтажни и ремонтни работи на общински обекти по 4 обособени позиции:, Обособена позиция 1: Обособена позиция № 1 - „Ремонт на спортна пло",ОБЩИНА НЕСЕБЪР,000057122,ПГМ 28 КОНСУЛТ ООД,205106835,company,71,Открита,2023-05-18,3811.6809743178087,0,1
e:00126-2023-0016:94915:3:eik:102078098:1,00126-2023-0016,"Упражняване на строителен надзор при изпълнение на строително-монтажни и ремонтни работи на общински обекти по 4 обособени позиции:, Обособена позиция 3: Обособена позиция № 3 - „СМР на обект: Велопал",ОБЩИНА НЕСЕБЪР,000057122,Актив-Р ЕООД,102078098,company,71,Открита,2023-05-18,3936.9474852108824,0,3
e:00126-2023-0016:94929:4:eik:200308719:1,00126-2023-0016,"Упражняване на строителен надзор при изпълнение на строително-монтажни и ремонтни работи на общински обекти по 4 обособени позиции:, Обособена позиция 4: Обособена позиция № 4 – “Реконструкция на път",ОБЩИНА НЕСЕБЪР,000057122,"""ДИ ВИ КОНСУЛТ БГ"" ООД",200308719,company,71,Открита,2023-05-19,4998.900722455428,0,3
e:00126-2023-0017:87390:1:eik:103800009:1,00126-2023-0017,"“Избор на изпълнител за извършване на СМР по пътна маркировка и пътна сигнализация, съобразно нуждите на Община Несебър по обособени позиции: ОП№1 – „Полагане на нова хоризонтална пътна маркировка и в",ОБЩИНА НЕСЕБЪР,000057122,ЕЛИТ-ПЪТНА СИГНАЛИЗАЦИЯ ЕООД,103800009,company,45,Събиране на оферти,2023-04-12,61355.02574354622,0,1
e:00126-2023-0017:87397:2:eik:103800009:1,00126-2023-0017,"“Избор на изпълнител за извършване на СМР по пътна маркировка и пътна сигнализация, съобразно нуждите на Община Несебър по обособени позиции: ОП№1 – „Полагане на нова хоризонтална пътна маркировка и в",ОБЩИНА НЕСЕБЪР,000057122,ЕЛИТ-ПЪТНА СИГНАЛИЗАЦИЯ ЕООД,103800009,company,45,Събиране на оферти,2023-04-12,86919.61980335714,0,1
e:00126-2023-0018:87614:_:eik:103331490:1,00126-2023-0018,"Упражняване на строителен надзор при изпълнение на строително-монтажни и ремонтни работи за обект: „СМР на ел. мрежи в УПИ 1, кв. 78 по плана на гр. Несебър“",ОБЩИНА НЕСЕБЪР,000057122,НБС - ИНЖЕНЕРИНГ ООД,103331490,company,71,Пряко / без обявление,2023-04-06,1610.5694257680882,0,1
e:00126-2023-0019:89136:_:eik:102866643:1,00126-2023-0019,"Упражняване на строителен надзор при изпълнение на строително-монтажни и ремонтни работи за обект: “Реконструкция и разширение на съществуваща детска площадка в УПИ VIII кв. 12 по плана на ж. к. ""Черн",ОБЩИНА НЕСЕБЪР,000057122,КООРДИНАТИ ГРУП 2003 ООД,102866643,company,71,Пряко / без обявление,2023-04-19,3364.3005782711175,0,1
e:00126-2023-0020:97680:_:eik:205606210:1,00126-2023-0020,"„Ремонт на фитнес на открито в Обществен селищен парк в ПИ 53045.502.140 по плана на гр.Обзор, община Несебър“",ОБЩИНА НЕСЕБЪР,000057122,СПФ БЪЛГАРИЯ ЕООД,205606210,company,45,Състезание,2023-06-19,23008.13465382983,0,1
e:00126-2023-0021:92830:_:eik:102937300:1,00126-2023-0021,Услуги в областта на околната среда на територията на Община Несебър,ОБЩИНА НЕСЕБЪР,000057122,"""ВАНГ"" ЕООД",102937300,company,90,Събиране на оферти,2023-05-17,35785.31876492333,0,2
e:00126-2023-0022:91261:_:eik:202262291:1,00126-2023-0022,"„Избор на изпълнител за предоставяне на физическа охрана на КПП1 – вход и изход, паркинг Север – голям и КПП2 – изход до портата в гр. Несебър- стар град""",ОБЩИНА НЕСЕБЪР,000057122,АРКУС -СИГУРНОСТ БУРГАС,202262291,company,79,Пряко / без обявление,2023-05-05,50978.35701466897,0,3
e:00126-2023-0023:89586:_:eik:206764156:1,00126-2023-0023,Абонаментна поддръжка на автоматизирани напоителни системи на територията на община Несебър.,ОБЩИНА НЕСЕБЪР,000057122,СИИФ ЕООД,206764156,company,77,Събиране на оферти,2023-04-26,25002.172990495084,0,2
e:00126-2023-0024:96259:_:eik:206063753:1,00126-2023-0024,"„ОСИГУРЯВАНЕ НА МЕСТА ЗА НОЩУВАНЕ НА КОМАНДИРОВАНИ СЛУЖИТЕЛИ ОТ СТРУКТУРИТЕ НА МВР""",ОБЩИНА НЕСЕБЪР,000057122,БИВОЛАРОВ 2020 ЕООД,206063753,company,55,Състезание,2023-06-02,52151.77188201428,0,1
e:00126-2023-0026:108637:_:eik:121305650:1,00126-2023-0026,"„Благоустрояване и детска площадка в ПИ с идентификатор 39164.501.276 с. Кошарица, общ. Несебър“",ОБЩИНА НЕСЕБЪР,000057122,ЕТ АНИМАТ - АНГЕЛ АНГЕЛОВ,121305650,company,45,Състезание,2023-08-10,48785.61020129562,0,4
e:00126-2023-0027:101192:_:eik:200466053:1,00126-2023-0027,Ремонт на детска площадка в ПИ 51500.502.341 гр. Несебър.,ОБЩИНА НЕСЕБЪР,000057122,ИНФРА КОНЦЕПТ ЕООД,200466053,company,45,Пряко / без обявление,2023-06-26,51072.16373611204,0,1
e:00126-2023-0029:112693:1:eik:113032821:1,00126-2023-0029,Реконструкция на съществуващи площадки за спорт на ТЕРИТОРИЯТА НА ОБЩИНА НЕСЕБЪР ПО СЛЕДНИТЕ ОБОСОБЕНИ ПОЗИЦИИ: ОБОСОБЕНА ПОЗИЦИЯ №1 Реконструкция на съществуваща площадка за спорт в ПИ 51500.502.384,ОБЩИНА НЕСЕБЪР,000057122,ЮНИС ЕООД,113032821,company,45,Състезание,2023-10-11,61162.67262492139,0,3
e:00126-2023-0029:113463:2:eik:201486016:1,00126-2023-0029,ОБОСОБЕНА ПОЗИЦИЯ №2 Реконструкция на съществуваща площадка за спорт и игра на открито в ПИ 51500.502.69 по плана на гр.Несебър,ОБЩИНА НЕСЕБЪР,000057122,ЕСПИ ИНВЕСТ ООД,201486016,company,45,Състезание,2023-10-13,56224.80481432436,0,2
e:00126-2023-0030:101247:_:eik:200948893:1,00126-2023-0030,"„Изпълнение на дейности свързани с подготовка на проектно предложение на Община Несебър във връзка с процедура за предоставяне на безвъзмездна финансова помощ „За по-чист въздух“, в рамките на Приорит",ОБЩИНА НЕСЕБЪР,000057122,ДИ ЕНД ЕМ КОНСУЛТ ЕООД,200948893,company,90,Събиране на оферти,2023-06-22,26334.088341011233,0,1
e:00126-2023-0031:101237:_:eik:200948893:1,00126-2023-0031,"ИЗПЪЛНЕНИЕ НА ДЕЙНОСТИ ПО РАЗРАБОТВАНЕ НА МЕХАНИЗЪМ ЗА ПОДМЯНА НА ОТОПЛИТЕЛНИТЕ УСТРОЙСТВА НА ТВЪРДО ГОРИВО С ЕКОЛОГИЧНИ АЛТЕРНАТИВИ И РАЗРАБОТВАНЕ НА МЕХАНИЗЪМ, ОТЧИТАЩ ПРИХОДИТЕ ОТ ПРЕДАВАНЕТО НА ЗА",ОБЩИНА НЕСЕБЪР,000057122,ДИ ЕНД ЕМ КОНСУЛТ ЕООД,200948893,company,90,Събиране на оферти,2023-06-22,26359.652935071044,1,1
e:00126-2023-0032:104083:_:eik:102833771:1,00126-2023-0032,"„Избор на изпълнител за доставка на посадъчен материал – цветя, храсти и тревни смески, препарати за растителна защита, торове и почва за озеленяване“",ОБЩИНА НЕСЕБЪР,000057122,БУРГАСЦВЕТ - 90 - ТАНЕВ ЕООД,102833771,company,03,Открита,2023-07-28,306775.1287177311,0,2
e:00126-2023-0033:106907:_:eik:200358273:1,00126-2023-0033,"Доставка на фабрично нов, товарен автомобил с надстройка тип „Мултилифт“ за нуждите на ОП ""Управление на отпадъците"", Община Несебър.",ОБЩИНА НЕСЕБЪР,000057122,"""ЕКОСОЛ БЪЛГАРИЯ"" АД",200358273,company,34,Открита,2023-08-10,255645.42930622806,0,2
e:00126-2023-0034:111311:_:eik:120564924:1,00126-2023-0034,"СМР НА ОБЕКТ: ИЗГРАЖДАНЕ НА ВОДОПРОВОДНА МРЕЖА НА С. ОРИЗАРЕ, ОБЩИНА НЕСЕБЪР- II ЕТАП",ОБЩИНА НЕСЕБЪР,000057122,АРТСТРОЙ ООД,120564924,company,45,Състезание,2023-09-01,901474.3663815364,1,5
e:00126-2023-0035:102527:_:eik:102663899:1,00126-2023-0035,"Доставка, монтаж и пускане в експлоатация на техника за озвучаване и мултимедия на къща ""Москояни"" - Етнографски музей Несебър.",ОБЩИНА НЕСЕБЪР,000057122,"""Комплекс 2000"" ООД",102663899,company,32,Състезание,2023-07-18,84312.03120925643,1,2
e:00126-2023-0036:101332:_:eik:201486016:1,00126-2023-0036,"""Ремонт на отоплителна инсталация в ОУ „Св.Св. Кирил и Методий“ в УПИ I – общ., кв.27 по плана на гр.Обзор, община Несебър /идн.№ 53045.502.222/",ОБЩИНА НЕСЕБЪР,000057122,ЕСПИ ИНВЕСТ ООД,201486016,company,45,Събиране на оферти,2023-07-11,135045.4282836443,0,2
e:00126-2023-0037:112700:_:name:АНУНАКИ ЕООД; АНУНАКИ ЕООД:1,00126-2023-0037,„Текущ ремонт на сгради общинска собственост на територията на община Несебър“,ОБЩИНА НЕСЕБЪР,000057122,АНУНАКИ ЕООД и др.,,consortium,45,Състезание,2023-10-11,2023.8262016637439,0,3
e:00126-2023-0038:113354:_:eik:201486016:1,00126-2023-0038,"„Изграждане на нова подпорна стена по границата на УПИ I, кв. 27 (ПИ 53045.502.222 по КККР), по плана на град Обзор – училище „Св. св. Кирил и Методий“ с улица „Трети март“ град Обзор, Община Несебър“",ОБЩИНА НЕСЕБЪР,000057122,ЕСПИ ИНВЕСТ ООД,201486016,company,45,Събиране на оферти,2023-09-12,48904.684967507405,0,3
e:00126-2023-0039:106566:_:eik:201484467:1,00126-2023-0039,"Доставка на един брой автобус за превоз на работници от категория М3, клас ІІІ с минимум 33 броя седящи места.",ОБЩИНА НЕСЕБЪР,000057122,"""АВТОКАМ БЪЛГАРИЯ"" ООД",201484467,company,34,Открита,2023-08-18,42323.20804977938,0,1
e:00126-2023-0040:106570:_:eik:130696746:1,00126-2023-0040,"Доставка на многофункционална вакуумна машина за събиране и извозване на зелени отпадъци от обществени площи, паркове и градини",ОБЩИНА НЕСЕБЪР,000057122,"""БИ ЕМ ЛИЗИНГ-ТРЕЙД"" АД",130696746,company,42,Открита,2023-08-18,55105.50507968484,0,1
e:00126-2023-0041:106558:_:eik:201484467:1,00126-2023-0041,Доставка на един брой сметосъбиращ и сметоизвозващ автомобил тип ротопреса,ОБЩИНА НЕСЕБЪР,000057122,"""АВТОКАМ БЪЛГАРИЯ"" ООД",201484467,company,34,Открита,2023-08-21,62774.88329762812,0,1
e:00126-2023-0042:103902:_:eik:201800812:1,00126-2023-0042,„Доставка на спомагателно-хигиенни материали за нуждите на общинската администрация и второстепенните разпоредители на Община Несебър,ОБЩИНА НЕСЕБЪР,000057122,СТАНДАРТ – ИНВЕСТ – ГРУП ЕООД,201800812,company,39,Открита,2023-07-31,184065.07723063865,0,1
e:00126-2023-0043:103918:_:eik:201800812:1,00126-2023-0043,„Изработка и доставка на работно и/или униформено облекло на работниците и служителите по структурните звена на Община Несебър“,ОБЩИНА НЕСЕБЪР,000057122,СТАНДАРТ – ИНВЕСТ – ГРУП ЕООД,201800812,company,18,Открита,2023-07-28,3587.5817427895063,0,1
e:00126-2023-0044:105265:_:eik:130696746:1,00126-2023-0044,"Доставка на три броя фабрично нови, лекотоварни автомобили с обща маса до 3500 кг, оборудвани със самосвални надстройки за извозване на отпадъци.",ОБЩИНА НЕСЕБЪР,000057122,"""БИ ЕМ ЛИЗИНГ-ТРЕЙД"" АД",130696746,company,34,Открита,2023-08-09,125152.49280356677,0,1
e:00126-2023-0046:100941:_:eik:205700948:1,00126-2023-0046,"""Предоставяне на право на ползване върху авторски софтуерен продукт, представляващ интегрирана информационна система за управление на община – ИМЕОН и техническа поддръжка на внедрената в Община Несеб",ОБЩИНА НЕСЕБЪР,000057122,ИМЕОН общини ЕООД,205700948,company,48,Договаряне с покана,2023-07-04,18406.507723063867,0,1
e:00126-2023-0047:111677:_:eik:204586324:1,00126-2023-0047,"Избор на изпълнител за превоз на ученици, подлежащи на задължително обучение през учебните 2023/2024г., 2024/2025г.,2025/2026г. при ОУ „Св. Св. Кирил и Методий“ и децата от ДГ „Обзорче“ – град Обзор",ОБЩИНА НЕСЕБЪР,000057122,ТРАНС ГРУП ОБЗОР ЕООД,204586324,company,60,Открита,2023-09-15,0.8538574415976848,0,1
e:00126-2023-0048:103281:_:eik:201753330:1,00126-2023-0048,"Детска площадка в ПИ с идентификатор 18469.501.694 по плана на с. Гюльовца, гр. Несебър",ОБЩИНА НЕСЕБЪР,000057122,ФЕНИКС БИЛДИНГ ЕООД,201753330,company,45,Събиране на оферти,2023-07-20,61515.90884688342,0,2
e:00126-2023-0049:109678:6:eik:200079448:1,00126-2023-0049,"Упражняване на строителен надзор при изпълнение на строително-монтажни и ремонтни работи на общински обекти по 12 обособени позиции:, Обособена позиция 6: „Укрепване на свлачище над кв. 44, кв. 45 и у",ОБЩИНА НЕСЕБЪР,000057122,СЕТ ИНЖЕНЕРИНГ ЕООД,200079448,company,71,Открита,2023-09-11,8487.445227857226,0,1
e:00126-2023-0049:109696:10:eik:102612748:1,00126-2023-0049,"Упражняване на строителен надзор при изпълнение на строително-монтажни и ремонтни работи на общински обекти по 12 обособени позиции:, Обособена позиция 10: „Ново улично осветление на улица ""Хоризонт"",",ОБЩИНА НЕСЕБЪР,000057122,ДЕДАЛ ЕООД,102612748,company,71,Открита,2023-09-11,2132.0871445882312,0,1
e:00126-2023-0049:109850:4:eik:102078098:1,00126-2023-0049,"Упражняване на строителен надзор при изпълнение на строително-монтажни и ремонтни работи на общински обекти по 12 обособени позиции:, Обособена позиция 4: Изграждане на спортни игрища с огради, осветл",ОБЩИНА НЕСЕБЪР,000057122,Актив-Р ЕООД,102078098,company,71,Открита,2023-09-13,4039.205861450126,0,4
e:00126-2023-0049:110508:3:eik:202365512:1,00126-2023-0049,"Упражняване на строителен надзор при изпълнение на строително-монтажни и ремонтни работи на общински обекти по 12 обособени позиции:, Обособена позиция 3: „Ново улично осветление на велоалея от кк ""Сл",ОБЩИНА НЕСЕБЪР,000057122,"""В Консулт проект"" ЕООД",202365512,company,71,Открита,2023-09-11,2863.2345346988236,0,5
e:00126-2023-0049:111810:7:eik:200308719:1,00126-2023-0049,"Упражняване на строителен надзор при изпълнение на строително-монтажни и ремонтни работи на общински обекти по 12 обособени позиции:, Обособена позиция 7: «СМР на обект ,,Изграждане на водопроводна мр",ОБЩИНА НЕСЕБЪР,000057122,"""ДИ ВИ КОНСУЛТ БГ"" ООД",200308719,company,71,Открита,2023-08-05,6021.484484847865,0,3
e:00126-2023-0050:148165:1:eik:202268878:1,00126-2023-0050,"Изграждане на спортни игрища с огради , осветление и паркинг с местонахождение: ПИ с индикатор 11538.501.539 в гр.Св. Влас, Община Несебър",ОБЩИНА НЕСЕБЪР,000057122,СТРОЙ ГРУП ИНЖЕНЕРИНГ ЕООД,202268878,company,45,Състезание,2024-05-22,233757.5505028556,0,
e:00126-2023-0051:112677:_:eik:202397111:1,00126-2023-0051,"ВЪТРЕШНО ПРЕУСТРОЙСТВО НА САНИТАРНИ ПОМЕЩЕНИЯ НА ПЪРВИ И ВТОРИ ЕТАЖ В ОБУ „СВ. СВ. КИРИЛ И МЕТОДИЙ“ ГР. ОБЗОР, ОБЩИНА НЕСЕБЪР",ОБЩИНА НЕСЕБЪР,000057122,АТЛАНТ 2013 ЕООД,202397111,company,45,Събиране на оферти,2023-10-11,71080.11432486464,0,2
e:00126-2023-0052:116047:_:eik:102182129:1,00126-2023-0052,Доставка на основни хранителни продукти за нуждите на „Домашен социален патронаж“ и „Детска млечна кухня“ на територията на община Несебър,ОБЩИНА НЕСЕБЪР,000057122,ИВ ТРЕЙД ООД,102182129,company,15,Състезание,2023-10-23,102258.3762392437,0,2
e:00126-2023-0053:116059:_:eik:102182129:1,00126-2023-0053,"""Доставка на плодове и зеленчуци за нуждите на ""Домашен социален патронаж"" и ""Детска млечна кухня"" на територията на община Несебър""",ОБЩИНА НЕСЕБЪР,000057122,ИВ ТРЕЙД ООД,102182129,company,03,Състезание,2023-10-18,15338.756435886555,0,2
e:00126-2023-0054:115971:_:eik:201486016:1,00126-2023-0054,"Укрепване на свлачище над кв.44 , кв.45 и улица „Младежка“ –гр.Обзор Община Несебър.",ОБЩИНА НЕСЕБЪР,000057122,ЕСПИ ИНВЕСТ ООД,201486016,company,45,Състезание,2023-10-02,209759.97402637242,0,2
e:00126-2023-0055:106880:_:eik:102981058:1,00126-2023-0055,"„Ново улично осветление на улица ""Хоризонт"", село Равда, община Несебър“",ОБЩИНА НЕСЕБЪР,000057122,ЕЛЕКТРИКАЛ ГРУП ООД,102981058,company,45,Събиране на оферти,2023-08-21,68242.54664260187,0,2
e:00126-2023-0056:119317:_:eik:102981058:1,00126-2023-0056,"Ново улично осветление на велоалея от кк ""Слънчев бряг"" (път I-9) до ПИ 51500.57.53, землище Несебър.",ОБЩИНА НЕСЕБЪР,000057122,ЕЛЕКТРИКАЛ ГРУП ООД,102981058,company,45,Състезание,2023-10-26,231745.8930479643,0,2
e:00126-2023-0057:110565:_:eik:115013855:1,00126-2023-0057,"„Доставка на електромобил за нуждите на община Несебър""",ОБЩИНА НЕСЕБЪР,000057122,"""ОМНИКАР АУТО"" ООД",115013855,company,34,Открита,2023-09-18,19335.3563448766,1,2
e:00126-2023-0058:106875:_:eik:102981058:1,00126-2023-0058,"„Изграждане на ново улично осветление в ПИ 11538.4.66, по КК на к.к Св. Влас, между о.т. 52 и о.т. 96“",ОБЩИНА НЕСЕБЪР,000057122,ЕЛЕКТРИКАЛ ГРУП ООД,102981058,company,45,Събиране на оферти,2023-08-21,39961.88319025682,0,2
e:00126-2023-0059:106869:_:eik:102981058:1,00126-2023-0059,"Изграждане на ново улично осветление в ПИ 51500.507.68 по КК на к.к Слънчев бряг-Запад, между о.т. 358,359,360,361",ОБЩИНА НЕСЕБЪР,000057122,ЕЛЕКТРИКАЛ ГРУП ООД,102981058,company,45,Събиране на оферти,2023-08-21,42933.49626501281,0,2
e:00126-2023-0060:106883:_:eik:102981058:1,00126-2023-0060,"Изграждане на ново улично осветление в ПИ 11538.502.273, 11538.502.278,11538.502.281,11538.502.282, по КК на к.к Св. Влас, ул. Ясен между о.т. 74, 75, 76, 77, 78",ОБЩИНА НЕСЕБЪР,000057122,ЕЛЕКТРИКАЛ ГРУП ООД,102981058,company,45,Събиране на оферти,2023-08-21,68013.05328172694,0,2
e:00126-2023-0061:118580:_:eik:202365512:1,00126-2023-0061,"Упражняване на строителен надзор при изпълнение на строително-монтажни и ремонтни работи за обект: „Модернизация за спортни игрища в училищен двор на ОУ „Васил Левски“ с местонахождение в УПИ I, кв. 1",ОБЩИНА НЕСЕБЪР,000057122,"""В Консулт проект"" ЕООД",202365512,company,71,Открита,2023-11-07,1201.5359208111136,0,4
e:00126-2023-0062:109643:_:eik:102883849:1,00126-2023-0062,"Упражняване на строителен надзор при изпълнение на строително-монтажни и ремонтни работи на общински обект: „Изграждане на нова подпорна стена по границата на УПИ I, кв. 27(ПИ 53045.502.222 по КККР),",ОБЩИНА НЕСЕБЪР,000057122,КОНСУЛТИНЖЕНЕРИНГ ЕООД,102883849,company,71,Пряко / без обявление,2023-09-11,2300.8134653829834,0,1
e:00126-2023-0063:107594:_:name:DUSHKO OPARLAKOV:1,00126-2023-0063,"Упражняване на строителен надзор при изпълнение на строително-монтажни и ремонтни работи на общински обект: „Детска площадка в ПИ с идентификатор 18469.501.694 по плана на с. Гюльовца, гр. Несебър“",ОБЩИНА НЕСЕБЪР,000057122,Dushko Oparlakov,,company,71,Пряко / без обявление,2023-08-29,2748.1938614296746,0,1
e:00126-2023-0064:108438:_:eik:102890249:1,00126-2023-0064,"„Извършване на поддържане, обслужване и ремонти на компактираща инсталация, находяща се на територията на ПСО – Несебър, собственост на Община Несебър”.",ОБЩИНА НЕСЕБЪР,000057122,ХИДРО МАТ ЕООД,102890249,company,50,Събиране на оферти,2023-09-07,35790.431683735296,0,2
e:00126-2023-0065:115264:_:eik:202357145:1,00126-2023-0065,"„Доставка и монтаж на електрозарядна станция за електромобили с фотоволтаична система за нуждите на община Несебър""",ОБЩИНА НЕСЕБЪР,000057122,СЕНТРА ООД,202357145,company,09,Събиране на оферти,2023-10-23,18662.153663661975,1,5
e:00126-2023-0067:114289:1:eik:000694286:1,00126-2023-0067,"Избор на изпълнител за извършване на застрахователни услуги за нуждите на Община Несебър и общинските предприятия по обособени позиции., Обособена позиция 1: Застраховане на движимо и недвижимо имущес",ОБЩИНА НЕСЕБЪР,000057122,"ЗАСТРАХОВАТЕЛНО АКЦИОНЕРНО ДРУЖЕСТВО ""БУЛСТРАД ВИЕНА ИНШУРЪНС ГРУП"" АД",000694286,company,66,Открита,2023-10-09,51129.18811962185,0,1
e:00126-2023-0067:114689:3:eik:121076907:1,00126-2023-0067,"Избор на изпълнител за извършване на застрахователни услуги за нуждите на Община Несебър и общинските предприятия по обособени позиции., Обособена позиция 3: Застраховане на моторни превозни средства,",ОБЩИНА НЕСЕБЪР,000057122,ЗАД АРМЕЕЦ АД,121076907,company,66,Открита,2023-10-20,10225.83762392437,0,2
e:00126-2023-0067:115639:4:eik:831626729:1,00126-2023-0067,"Избор на изпълнител за извършване на застрахователни услуги за нуждите на Община Несебър и общинските предприятия по обособени позиции., Обособена позиция 4: Застраховане на работници и служители на О",ОБЩИНА НЕСЕБЪР,000057122,ЗАСТРАХОВАТЕЛНА КОМПАНИЯ УНИКА ЖИВОТ АД,831626729,company,66,Открита,2023-10-23,12782.297029905463,0,3
e:00126-2023-0067:115657:2:eik:831830482:1,00126-2023-0067,"Избор на изпълнител за извършване на застрахователни услуги за нуждите на Община Несебър и общинските предприятия по обособени позиции., Обособена позиция 2: Застраховане на моторни превозни средства,",ОБЩИНА НЕСЕБЪР,000057122,"""Застрахователно дружество Бул Инс"" АД",831830482,company,66,Открита,2023-10-20,66467.94455550841,0,3
e:00126-2023-0067:116131:5:eik:030269049:1,00126-2023-0067,"Избор на изпълнител за извършване на застрахователни услуги за нуждите на Община Несебър и общинските предприятия по обособени позиции., Обособена позиция 5: Застраховане на работници и служители на О",ОБЩИНА НЕСЕБЪР,000057122,"""ДЖЕНЕРАЛИ ЗАСТРАХОВАНЕ"" АД",030269049,company,66,Открита,2023-10-27,2556.4594059810925,0,2
e:00126-2023-0068:109765:_:eik:200773910:1,00126-2023-0068,Упражняване на строителен надзор при изпълнение на строително-монтажни и ремонтни работи на общински обект: „Вътрешно преустройство на санитарни помещения на първи и втори етаж в ОБУ „Св. Св. Кирил и,ОБЩИНА НЕСЕБЪР,000057122,СТАМОВ КОНСУЛТИНГ ЕООД,200773910,company,71,Пряко / без обявление,2023-09-13,2709.846970339958,0,1
e:00126-2023-0070:119580:1:eik:131230324:1,00126-2023-0070,"Доставка на канцеларски материали и офис консумативи за нуждите на Община Несебър и второстепенните разпоредители по обособени позиции, Обособена позиция 1: Доставка на канцеларски материали и офис ко",ОБЩИНА НЕСЕБЪР,000057122,"""ТРАНС КО 04"" ЕООД",131230324,company,30,Открита,2023-11-22,184065.07723063865,0,1
e:00126-2023-0070:119583:2:eik:131230324:1,00126-2023-0070,"Доставка на канцеларски материали и офис консумативи за нуждите на Община Несебър и второстепенните разпоредители по обособени позиции, Обособена позиция 2: Доставка на канцеларски материали и офис ко",ОБЩИНА НЕСЕБЪР,000057122,"""ТРАНС КО 04"" ЕООД",131230324,company,30,Открита,2023-11-22,23008.13465382983,0,1
e:00126-2023-0071:111751:_:eik:205641535:1,00126-2023-0071,"Упражняване на строителен надзор при изпълнение на строително-монтажни и ремонтни работи за обект: „Изграждане на ново улично осветление в ПИ 11538.502.273, 11538.502.278,11538.502.281,11538.502.282,",ОБЩИНА НЕСЕБЪР,000057122,ТТ КОНТРОЛ ЕООД,205641535,company,71,Пряко / без обявление,2023-09-08,3221.1388515361764,0,1
e:00126-2023-0072:114695:_:eik:200809356:1,00126-2023-0072,"Упражняване на строителен надзор при изпълнение на строително-монтажни и ремонтни работи на общински обект: „Изследователски център на открито в УПИ XIV, кв. 21 по КК на с. Равда, община Несебър, ПИ 6",ОБЩИНА НЕСЕБЪР,000057122,ДС КОНСУЛТИНГ ООД,200809356,company,71,Пряко / без обявление,2023-10-04,3195.574257476366,0,1
e:00126-2023-0073:114708:_:eik:102914853:1,00126-2023-0073,"Изследователски център на открито в УПИ XIV, кв. 21 по КК на с. Равда, община Несебър, ПИ 61056.501.336 ОУ „Св. Св. Кирил и Методий“, ул. ""Македония"" № 17, с. Равда, п.к. 8221",ОБЩИНА НЕСЕБЪР,000057122,БУРГОС СТРОЙ ЕООД,102914853,company,45,Събиране на оферти,2023-10-09,86991.31315093848,0,3
e:00126-2023-0074:111317:_:eik:202156021:1,00126-2023-0074,Доставка и монтаж на климатици за нуждите на община Несебър,ОБЩИНА НЕСЕБЪР,000057122,"""ПРЕСТИЖ КЛИМА"" ООД ЕООД",202156021,company,39,Събиране на оферти,2023-09-28,35279.13980253907,0,5
e:00126-2023-0075:120105:_:eik:175343487:1,00126-2023-0075,"Предоставяне на услуги по предварително третиране на смесени битови отпадъци, генерирани на територията на община Несебър.",ОБЩИНА НЕСЕБЪР,000057122,ЕКОБУЛСОРТ ЕАД,175343487,company,90,Открита,2023-11-29,3579043.1683735293,0,1
e:00126-2023-0076:109866:_:eik:831642181:1,00126-2023-0076,Предоставяне на електронни съобщителни услуги за нуждите на Община Несебър чрез фиксирана електронна съобщителна мрежа,ОБЩИНА НЕСЕБЪР,000057122,"""БТК"" ЕАД",831642181,company,32,Събиране на оферти,2023-09-15,35739.30249561567,0,1
e:00126-2023-0077:111745:_:eik:200195680:1,00126-2023-0077,Изготвяне на документации за възлагане на обществени поръчки по реда на Закона за обществените поръчки за избор на изпълнители на основни и съпътстващи дейности по изпълнение на проект на Община Несеб,ОБЩИНА НЕСЕБЪР,000057122,ЕР ДЖИ КОНСУЛТИНГ ООД,200195680,company,98,Събиране на оферти,2023-09-20,28632.345346988237,1,1
e:00126-2023-0078:137088:1:eik:102981058:1,00126-2023-0078,"„Извършване на строително- монтажни работи по ремонт, подмяна, поддръжка и изграждане на ел. мрежи и съоръжения на системите за улично и парково осветление на територията на Община Несебър“.",ОБЩИНА НЕСЕБЪР,000057122,ЕЛЕКТРИКАЛ ГРУП ООД,102981058,company,45,Състезание,2024-02-27,1227100.5148709244,0,
e:00126-2023-0079:120808:_:eik:200304140:1,00126-2023-0079,"Изграждане на система за сигурност и видеонаблюдение и съответна инфрастуктура към нея включваща доставка, монтаж и пускане в експлоатация и поддържане на техника за видеонаблюдение и прилежаща инфрас",ОБЩИНА НЕСЕБЪР,000057122,ВИЖЪН 2008 ЕООД,200304140,company,32,Открита,2023-11-30,347883.50725778827,0,1
e:00126-2023-0080:137104:1:eik:200970046:1,00126-2023-0080,"СМР по текущ ремонт на улична мрежа, общинска пътна мрежа и паркинги на територията на Община Несебър по обособени позиции: ОП 1 –гр. Несебър - НОВ ГРАД И ЖК. ЧЕРНО МОРЕ",ОБЩИНА НЕСЕБЪР,000057122,ЕИВ ЕООД,200970046,company,45,Открита,2024-03-01,1227100.5148709244,0,
e:00126-2023-0080:137216:1:eik:202605092:1,00126-2023-0080,"СМР по текущ ремонт на улична мрежа, общинска пътна мрежа и паркинги на територията на Община Несебър по обособени позиции: ОП 2 – гр. Несебър - К-С ,,СЛЪНЧЕВ БРЯГ - ЗАПАД""",ОБЩИНА НЕСЕБЪР,000057122,ЕР БИЛД - ИНЖЕНЕРИНГ ЕООД,202605092,company,45,Открита,2024-03-01,766937.8217943277,0,
e:00126-2023-0080:137313:1:eik:147043618:1,00126-2023-0080,"СМР по текущ ремонт на улична мрежа, общинска пътна мрежа и паркинги на територията на Община Несебър по обособени позиции: ОП 3 - с. Кошарица, с. Оризаре, с. Тънково и с. Гюльовца общ. Несебър;",ОБЩИНА НЕСЕБЪР,000057122,АГРО-САМ ЕООД,147043618,company,45,Открита,2024-03-01,613550.2574354622,0,
e:00126-2023-0080:137319:1:eik:103029862:1,00126-2023-0080,"СМР по текущ ремонт на улична мрежа, общинска пътна мрежа и паркинги на територията на Община Несебър по обособени позиции: ОП 4 - с. Равда общ. Несебър;",ОБЩИНА НЕСЕБЪР,000057122,ХИДРОСТРОЙ АД,103029862,company,45,Открита,2024-03-01,613550.2574354622,0,
e:00126-2023-0081:114888:_:eik:131478630:1,00126-2023-0081,"Упражняване на строителен надзор при изпълнение на строително-монтажни и ремонтни работи на общински обект: „Изграждане на ново улично осветление в ПИ 51500.507.68 по КК на к.к Слънчев бряг-Запад, меж",ОБЩИНА НЕСЕБЪР,000057122,АЙ СИ СИ КОНСУЛТ ЕООД,131478630,company,71,Пряко / без обявление,2023-10-23,2748.1938614296746,0,1
e:00126-2023-0082:115425:_:eik:103939400:1,00126-2023-0082,"Упражняване на строителен надзор при изпълнение на строително-монтажни и ремонтни работи на общински обект: „Изграждане на ново улично осветление в ПИ 11538.4.66, по КК на к.к Св. Влас, между о.т. 52",ОБЩИНА НЕСЕБЪР,000057122,РАЙНОВА КОНСУЛТИНГ ООД,103939400,company,71,Пряко / без обявление,2023-10-09,1942.9091485456304,0,1
e:00126-2023-0084:127597:1:eik:812187989:1,00126-2023-0084,"Доставка на горива за нуждите на Общинска администрация Несебър, ПГ по туризъм „Иван Вазов“ – К.К. Слънчев бряг,ОП БКСО-Несебър, ОП ""Управление на отпадъците - Несебър по обособени позиции:, Обособена",ОБЩИНА НЕСЕБЪР,000057122,ЕМИ ООД,812187989,company,09,Пряко / без обявление,2024-01-05,25762.361759457624,0,1
e:00126-2023-0084:127608:2:eik:147188777:1,00126-2023-0084,"Доставка на горива за нуждите на Общинска администрация Несебър, ПГ по туризъм „Иван Вазов“ – К.К. Слънчев бряг,ОП БКСО-Несебър, ОП ""Управление на отпадъците - Несебър по обособени позиции:, Обособена",ОБЩИНА НЕСЕБЪР,000057122,"""МЕТАЛ ИНС"" ЕООД",147188777,company,09,Пряко / без обявление,2024-01-05,977549.14793208,0,1
e:00126-2023-0084:127632:3:eik:147188777:1,00126-2023-0084,"Доставка на горива за нуждите на Общинска администрация Несебър, ПГ по туризъм „Иван Вазов“ – К.К. Слънчев бряг,ОП БКСО-Несебър, ОП ""Управление на отпадъците - Несебър по обособени позиции:, Обособена",ОБЩИНА НЕСЕБЪР,000057122,"""МЕТАЛ ИНС"" ЕООД",147188777,company,09,Пряко / без обявление,2024-01-05,559043.2706319056,0,1
e:00126-2023-0084:127637:4:eik:147188777:1,00126-2023-0084,"Доставка на горива за нуждите на Общинска администрация Несебър, ПГ по туризъм „Иван Вазов“ – К.К. Слънчев бряг,ОП БКСО-Несебър, ОП ""Управление на отпадъците - Несебър по обособени позиции:, Обособена",ОБЩИНА НЕСЕБЪР,000057122,"""МЕТАЛ ИНС"" ЕООД",147188777,company,09,Пряко / без обявление,2024-01-05,1478239.417536289,0,1
e:00126-2023-0085:120842:_:eik:147026483:1,00126-2023-0085,"Доставка на нов специализиран плавателен съд за почистване оперативната акватория на Пристанище Северна буна от разливи на масла и горива, наноси, водорасли и други течни или твърди отпадъци.",ОБЩИНА НЕСЕБЪР,000057122,БУЛСТАР АУТДОР ООД,147026483,company,34,Състезание,2023-11-30,108420.29726509974,1,2
e:00126-2023-0086:119573:2:eik:102811636:1,00126-2023-0086,"Публикации на обяви, съобщения и други текстове, свързани с дейността на Община Несебър по обособени позиции, Обособена позиция 2: Публикации на обяви, съобщения и други текстове, свързани с дейността",ОБЩИНА НЕСЕБЪР,000057122,ЕТ МАРАМ - МАРА МОМЧИЛОВА,102811636,company,22,Събиране на оферти,2023-11-27,12782.297029905463,0,1
e:00126-2023-0086:119977:1:eik:202217061:1,00126-2023-0086,"Публикации на обяви, съобщения и други текстове, свързани с дейността на Община Несебър по обособени позиции, Обособена позиция 1: Публикации на обяви, съобщения и други текстове, свързани с дейността",ОБЩИНА НЕСЕБЪР,000057122,ПРО НЮЗ БЪЛГАРИЯ АД,202217061,company,22,Събиране на оферти,2023-11-27,21474.259010241178,0,1
e:00126-2023-0088:133627:1:eik:201495727:1,00126-2023-0088,"Провеждане на комуникационни кампании на местно ниво, за популяризиране възможностите за подмяна на топлоуредите на дърва и/или въглища с екологични алтернативи, в рамките на проект: „Несебър е ЗА по-",ОБЩИНА НЕСЕБЪР,000057122,ИНВЕСТИЦИОННО ПРОЕКТИРАНЕ ЕООД,201495727,company,79,Състезание,2024-02-26,48060.925540563345,1,
e:00126-2023-0089:133589:1:eik:206909712:1,00126-2023-0089,"Техническа подкрепа за: набиране на заявления от представители на целевата група за подмяна на топлоуреди, оказване на съдействие на потенциалните крайни получатели на помощта за попълване и подаване",ОБЩИНА НЕСЕБЪР,000057122,МиА проджект груп ЕООД,206909712,company,71,Открита,2024-02-21,159068.52845083672,1,
e:00126-2023-0090:163209:1:eik:177489733:1,00126-2023-0090,"Доставка, монтаж, въвеждане в експлоатация и гаранционно обслужване на устройства за битово отопление по обособени позиции, Обособена позиция 1: Доставка, монтаж, въвеждане в експлоатация и гаранционн",ОБЩИНА НЕСЕБЪР,000057122,ИНЖЕНЕРИНГОВИ СИСТЕМИ - БЪЛГАРИЯ 2021 ДЗЗД,177489733,consortium,39,Открита,2024-09-18,305018.84110582207,1,
e:00126-2023-0090:163855:1:eik:202373982:1,00126-2023-0090,"Доставка, монтаж, въвеждане в експлоатация и гаранционно обслужване на устройства за битово отопление по обособени позиции, Обособена позиция 3: Доставка, монтаж, въвеждане в експлоатация и гаранционн",ОБЩИНА НЕСЕБЪР,000057122,Булклима Инженеринг ЕООД,202373982,company,39,Открита,2024-09-24,985297.8019562027,1,
e:00126-2023-0090:189803:1:eik:175340669:1,00126-2023-0090,"Доставка, монтаж, въвеждане в експлоатация и гаранционно обслужване на устройства за битово отопление по обособени позиции, Обособена позиция 2: Доставка, монтаж, въвеждане в експлоатация и гаранционно обслужване на климатици за битово отопление",ОБЩИНА НЕСЕБЪР,000057122,"""КЛИМАТРОНИК"" ЕООД",175340669,company,39,Открита,2025-03-26,1626750.3157227365,0,13
e:00126-2023-0091:127180:_:eik:830162763:1,00126-2023-0091,"Доставка на горива и Смазочни масла и препарати за МПС на Общинска администрация Несебър, ОП „УОГСГС” Несебър, Общинско звено за самоохрана, Управление „Социални грижи и услуги” и смазочни масла и пр",ОБЩИНА НЕСЕБЪР,000057122,"ЕТ ""АНРИ-64 - АНДРЕЙ КЕХАЙОВ""",830162763,company,09,Пряко / без обявление,2023-12-19,543309.4031689871,0,1
e:00126-2023-0092:127158:_:eik:812211358:1,00126-2023-0092,"Доставка на Горива (Автомобилен бензин А95Н, Дизелово гориво и Пропан-бутан) и Смазочни масла и препарати (Хидравлични масла, Двигателни масла, Диференциални масла, Антифриз (-38°С), Течност за чист",ОБЩИНА НЕСЕБЪР,000057122,ЕТ БОШКОВ - КОЛЮ ГЕОРГИЕВ,812211358,company,09,Пряко / без обявление,2023-12-19,521924.62023795524,0,1
e:00126-2023-0093:134984:1:eik:813152902:1,00126-2023-0093,"„Проекто-проучвателни работи на обект: „Актуализация на обща укрепителна схема за участък от нос „Равда“ до буна 5 („Аурелия“)“,",ОБЩИНА НЕСЕБЪР,000057122,"""ГЕОЗАЩИТА"" ЕООД",813152902,company,71,Пряко / без обявление,2024-02-16,78031.025191351,0,
e:00126-2023-0094:125795:_:eik:130083729:1,00126-2023-0094,Доставка на фабрично нов електрокар за нуждите на Община Несебър,ОБЩИНА НЕСЕБЪР,000057122,ИНЖКОНСУЛТ ЕООД,130083729,company,42,Събиране на оферти,2023-12-20,19797.22163991758,1,3
e:00126-2023-0095:125592:_:eik:831252990:1,00126-2023-0095,Доставка на висококачествен пълноцветен LED екран,ОБЩИНА НЕСЕБЪР,000057122,ДИНАКОРД-БЪЛГАРИЯ ЕООД,831252990,company,32,Събиране на оферти,2023-12-19,35785.31876492333,1,4
e:00126-2023-0096:125580:_:eik:117688075:1,00126-2023-0096,Доставка и монтаж на 4 бр. информационни дисплеи (киоск) на пристанище Несебър,ОБЩИНА НЕСЕБЪР,000057122,"""ПИП ЕЛЕКТРОНИКС"" ЕООД",117688075,company,30,Събиране на оферти,2023-12-19,22982.57005977002,1,4
e:00126-2023-0097:125584:_:eik:117688075:1,00126-2023-0097,Доставка на многофункционални устройства с 32 x 12W HEX светодиода,ОБЩИНА НЕСЕБЪР,000057122,"""ПИП ЕЛЕКТРОНИКС"" ЕООД",117688075,company,31,Събиране на оферти,2023-12-19,29757.187485619917,1,2
e:00126-2023-0100:134262:1:eik:203661489:1,00126-2023-0100,"Доставка на фабрично нов челен товарач за нуждите на ОП ,,Управление на отпадъците-Несебър”",ОБЩИНА НЕСЕБЪР,000057122,СТРОТЕХ ИНЖЕНЕРИНГ АД,203661489,company,43,Открита,2024-03-07,234682.97346906428,0,
e:00126-2023-0101:139718:1:eik:813003456:1,00126-2023-0101,"""Избор на изпълнител за полагане на нова хоризонтална пътна маркировка и възстановяване на стара и демаркировка ”",ОБЩИНА НЕСЕБЪР,000057122,А.Д.ХОЛД ООД,813003456,company,45,Състезание,2024-04-10,774.5100545548437,0,
e:00126-2023-0102:142024:1:eik:102981058:1,00126-2023-0102,"„Улично осветление за временни паркинги и временно благоустрояване от о.т.43 до о.т.59, улица ""Първа""- КК Слънчев бряг-запад“",ОБЩИНА НЕСЕБЪР,000057122,ЕЛЕКТРИКАЛ ГРУП ООД,102981058,company,45,Състезание,2024-04-10,141684.1801179039,0,
e:00126-2023-0103:135452:1:eik:201800812:1,00126-2023-0103,"Доставка на торби за смет от полиетилен за нуждите на ОП ""БКСО"" и общинска администрация гр. Несебър",ОБЩИНА НЕСЕБЪР,000057122,СТАНДАРТ – ИНВЕСТ – ГРУП ЕООД,201800812,company,18,Открита,2024-03-01,0.3016622099057689,0,
e:00126-2024-0002:142085:1:eik:200970046:1,00126-2024-0002,СМР НА ОБЕКТ : „ВРЕМЕННИ ПАРКИНГИ И ВРЕМЕННО БЛАГОУСТРОЯВАНЕ от о.т.43 до о.т.59” – улица Първа– КК Слънчев бряг-Запад,ОБЩИНА НЕСЕБЪР,000057122,ЕИВ ЕООД,200970046,company,45,Състезание,2024-04-11,508298.4257322978,1,
e:00126-2024-0003:143661:1:eik:147146949:1,00126-2024-0003,„СМР по текущ ремонт на тротоари на територията на Община Несебър по обособени позиции: ОП 6 - гр. Свети Влас,ОБЩИНА НЕСЕБЪР,000057122,БРИЛЯНТ-СЛЪНЧЕВ БРЯГ ООД,147146949,company,45,Открита,2024-04-22,204516.7524784874,0,
e:00126-2024-0003:143698:1:eik:202397111:1,00126-2024-0003,"„СМР по текущ ремонт на тротоари на територията на Община Несебър по обособени позиции: ОП 5 - гр. Обзор, с. Баня, с. Раковсково, с. Паницово и с. Приселци общ. Несебър;",ОБЩИНА НЕСЕБЪР,000057122,АТЛАНТ 2013 ЕООД,202397111,company,45,Открита,2024-04-24,255645.94059810924,0,
e:00126-2024-0003:145407:1:eik:207096336:1,00126-2024-0003,„СМР по текущ ремонт на тротоари на територията на Община Несебър по обособени позиции: ОП 2 - гр. Несебър – к-с „Слънчев бряг – запад“;,ОБЩИНА НЕСЕБЪР,000057122,БобиДиг ЕООД,207096336,company,45,Открита,2024-05-08,153387.56435886555,0,
e:00126-2024-0003:145410:1:eik:201753330:1,00126-2024-0003,„СМР по текущ ремонт на тротоари на територията на Община Несебър по обособени позиции: ОП 1 -гр. Несебър – нов град и ж.к.“Черно море“;,ОБЩИНА НЕСЕБЪР,000057122,ФЕНИКС БИЛДИНГ ЕООД,201753330,company,45,Открита,2024-05-08,30677.51287177311,0,
e:00126-2024-0003:145490:1:eik:201287384:1,00126-2024-0003,„СМР по текущ ремонт на тротоари на територията на Община Несебър по обособени позиции: ОП 4 - с. Равда общ. Несебър,ОБЩИНА НЕСЕБЪР,000057122,ТЕРМО ЛАЙФ ЕООД,201287384,company,45,Открита,2024-05-10,204516.7524784874,0,
e:00126-2024-0003:148142:1:eik:200970046:1,00126-2024-0003,„СМР по текущ ремонт на тротоари на територията на Община Несебър по обособени позиции: ОП 4 - с. Равда общ. Несебър;,ОБЩИНА НЕСЕБЪР,000057122,ЕИВ ЕООД,200970046,company,45,Открита,2024-05-22,204516.7524784874,0,
e:00126-2024-0004:147574:1:eik:200007801:1,00126-2024-0004,"“Упражняване на строителен надзор при изпълнение на строително-монтажни работи за общински обект: Изграждане на енергийно ефективно улично осветление в с. Равда, община Несебър“",ОБЩИНА НЕСЕБЪР,000057122,Т 7 консулт ЕООД,200007801,company,71,Открита,2024-05-28,3563.704411937643,0,
e:00126-2024-0005:149613:1:eik:102981058:1,00126-2024-0005,"Инженеринг: проектиране, строителство и авторски надзор на обект ""Реконструкция, модернизация и изграждане на ново, енергийно-ефективно улично осветление в с. Равда, Община Несебър""",ОБЩИНА НЕСЕБЪР,000057122,ЕЛЕКТРИКАЛ ГРУП ООД,102981058,company,45,Състезание,2024-05-30,279032.4312440243,1,
e:00126-2024-0006:143705:1:eik:103939400:1,00126-2024-0006,"Упражняване на строителен надзор при изпълнение на строително-монтажни и ремонтни работи на общински обекти по 10 обособени позиции:, Обособена позиция 6: “Изграждане на осветление на голямо игрище с",ОБЩИНА НЕСЕБЪР,000057122,РАЙНОВА КОНСУЛТИНГ ООД,103939400,company,71,Открита,2024-05-09,1789.5215841867648,0,
e:00126-2024-0006:143707:1:eik:103939400:1,00126-2024-0006,"Упражняване на строителен надзор при изпълнение на строително-монтажни и ремонтни работи на общински обекти по 10 обособени позиции:, Обособена позиция 7: Изграждане на улично осветление на улица ""Дун",ОБЩИНА НЕСЕБЪР,000057122,РАЙНОВА КОНСУЛТИНГ ООД,103939400,company,71,Открита,2024-05-09,1380.48807922979,0,
e:00126-2024-0006:143709:1:eik:102612748:1,00126-2024-0006,"Упражняване на строителен надзор при изпълнение на строително-монтажни и ремонтни работи на общински обекти по 10 обособени позиции:, Обособена позиция 10: Изграждане на улично осветление на улица ""Ре",ОБЩИНА НЕСЕБЪР,000057122,ДЕДАЛ ЕООД,102612748,company,71,Открита,2024-04-30,971.4545742728152,0,
e:00126-2024-0006:145262:1:eik:177476575:1,00126-2024-0006,"Упражняване на строителен надзор при изпълнение на строително-монтажни и ремонтни работи на общински обекти по 10 обособени позиции:, Обособена позиция 8: Изграждане на улично осветление на улица ""Иск",ОБЩИНА НЕСЕБЪР,000057122,"""В КОНСУЛТ БУРГАС""",177476575,company,71,Открита,2024-05-09,1227.1005148709244,0,
e:00126-2024-0006:145274:1:eik:202365512:1,00126-2024-0006,"Упражняване на строителен надзор при изпълнение на строително-монтажни и ремонтни работи на общински обекти по 10 обособени позиции:, Обособена позиция 9: Изграждане на улично осветление на улица ""Кам",ОБЩИНА НЕСЕБЪР,000057122,"""В Консулт проект"" ЕООД",202365512,company,71,Открита,2024-05-09,1175.9713267513025,0,
e:00126-2024-0006:145955:1:eik:202365512:1,00126-2024-0006,"Упражняване на строителен надзор при изпълнение на строително-монтажни и ремонтни работи на общински обекти по 10 обособени позиции:, Обособена позиция 4: “Основен ремонт на улица от о. т. 307 по к. к",ОБЩИНА НЕСЕБЪР,000057122,"""В Консулт проект"" ЕООД",202365512,company,71,Открита,2024-05-09,3272.2680396557985,0,
e:00126-2024-0006:149627:1:eik:203911957:1,00126-2024-0006,"Упражняване на строителен надзор при изпълнение на строително-монтажни и ремонтни работи на общински обекти по 10 обособени позиции:, Обособена позиция 2: Закрит плувен басейн в УПИ II, кв. 3 по плана",ОБЩИНА НЕСЕБЪР,000057122,АЛФА ПИ ПРОДЖЕКТ ООД,203911957,company,71,Открита,2024-06-04,30063.962614337648,0,
e:00126-2024-0006:149708:1:eik:203911957:1,00126-2024-0006,"Упражняване на строителен надзор при изпълнение на строително-монтажни и ремонтни работи на общински обекти по 10 обособени позиции:, Обособена позиция 5: Преустройство на полифункционална сграда с. Р",ОБЩИНА НЕСЕБЪР,000057122,АЛФА ПИ ПРОДЖЕКТ ООД,203911957,company,71,Открита,2024-06-04,40330.703588757715,0,
e:00126-2024-0006:153469:1:eik:102612748:1,00126-2024-0006,"Упражняване на строителен надзор при изпълнение на строително-монтажни и ремонтни работи на общински обекти по 10 обособени позиции:, Обособена позиция 3: Изграждане на обреден дом в ПИ 51500.74.142,",ОБЩИНА НЕСЕБЪР,000057122,ДЕДАЛ ЕООД,102612748,company,71,Открита,2024-06-20,7669.378217943277,0,
e:00126-2024-0006:153772:1:eik:206619821:1,00126-2024-0006,"Упражняване на строителен надзор при изпълнение на строително-монтажни и ремонтни работи на общински обекти по 10 обособени позиции:, Обособена позиция 1: Изграждане на нова водопроводна мрежа в с. Гю",ОБЩИНА НЕСЕБЪР,000057122,Си Ес Ком ООД,206619821,company,71,Открита,2024-06-20,9688.469856787144,0,
e:00126-2024-0007:153477:1:eik:102612748:1,00126-2024-0007,"Упражняване на строителен надзор при изпълнение на строително-монтажни и ремонтни работи на общински обекти по 7 обособени позиции:, Обособена позиция 4: Изграждане на Археологически музей в гр. Обзор",ОБЩИНА НЕСЕБЪР,000057122,ДЕДАЛ ЕООД,102612748,company,71,Открита,2024-06-20,8691.961980335715,0,
e:00126-2024-0007:153487:1:name:NIKOLAY PEEV:1,00126-2024-0007,"Упражняване на строителен надзор при изпълнение на строително-монтажни и ремонтни работи на общински обекти по 7 обособени позиции:, Обособена позиция 6: Изграждане на улица „Резвая“ (ПИ 61056.501.50",ОБЩИНА НЕСЕБЪР,000057122,Nikolay Peev,,company,71,Открита,2024-06-20,4294.851802048235,0,
e:00126-2024-0007:153495:1:eik:206969378:1,00126-2024-0007,"Упражняване на строителен надзор при изпълнение на строително-монтажни и ремонтни работи на общински обекти по 7 обособени позиции:, Обособена позиция 5: Изграждане на улица „Камчия“ (ПИ 61056.501.510",ОБЩИНА НЕСЕБЪР,000057122,Друм Супервижън ЕООД,206969378,company,71,Открита,2024-06-20,3221.1388515361764,0,
e:00126-2024-0007:153505:1:eik:200007801:1,00126-2024-0007,"Упражняване на строителен надзор при изпълнение на строително-монтажни и ремонтни работи на общински обекти по 7 обособени позиции:, Обособена позиция 7: “Изграждане на спортно игрище за минифутбол с.",ОБЩИНА НЕСЕБЪР,000057122,Т 7 консулт ЕООД,200007801,company,71,Открита,2024-06-20,3042.1866931175,0,
e:00126-2024-0007:153774:1:eik:102612748:1,00126-2024-0007,"Упражняване на строителен надзор при изпълнение на строително-монтажни и ремонтни работи на общински обекти по 7 обособени позиции:, Обособена позиция 1: Саниране на НЧ "" Яна Лъскова-1905""",ОБЩИНА НЕСЕБЪР,000057122,ДЕДАЛ ЕООД,102612748,company,71,Открита,2024-06-20,4345.980990167857,0,
e:00126-2024-0007:154268:1:eik:101753016:1,00126-2024-0007,"Упражняване на строителен надзор при изпълнение на строително-монтажни и ремонтни работи на общински обекти по 7 обособени позиции:, Обособена позиция 2: Изграждане на обслужващи улици в КК ""Слънчев б",ОБЩИНА НЕСЕБЪР,000057122,"""АСТРА КОНСУЛТ"" ЕООД",101753016,company,71,Открита,2024-06-24,5273.847931568695,0,
e:00126-2024-0007:154277:1:eik:101753016:1,00126-2024-0007,"Упражняване на строителен надзор при изпълнение на строително-монтажни и ремонтни работи на общински обекти по 7 обособени позиции:, Обособена позиция 3: Изграждане на обслужващи улици в КК ""Слънчев б",ОБЩИНА НЕСЕБЪР,000057122,"""АСТРА КОНСУЛТ"" ЕООД",101753016,company,71,Открита,2024-06-24,4281.123615038116,0,
e:00126-2024-0008:169369:1:eik:147146949:1,00126-2024-0008,"Реконструкция на улица от о.т.307 к.к.Слънчев бряг до кръстовище с ул.""Сатурн (в ПИ 51500.505.295 и ПИ 51500.31.43) Община Несебър",ОБЩИНА НЕСЕБЪР,000057122,БРИЛЯНТ-СЛЪНЧЕВ БРЯГ ООД,147146949,company,45,Състезание,2024-06-10,195109.20683290472,0,
e:00126-2024-0009:157662:1:name:АРТСТРОЙ ООД; ЕР ДЖИ КОНСУЛТИНГ ООД:1,00126-2024-0009,"СМР НА ОБЕКТ: ВОДОСНАБДЯВАНЕ И КАНАЛИЗАЦИЯ НА С. ГЮЛЬОВЦА, ОБЩИНА НЕСЕБЪР ПОДОБЕКТ: СЕЛИЩНА ВОДОПРОВОДНА СИСТЕМА НА С. ГЮЛЬОВЦА, ОБЩИНА НЕСЕБЪР - ЕТАП 2",ОБЩИНА НЕСЕБЪР,000057122,АРТСТРОЙ ООД и др.,,consortium,45,Състезание,2024-07-11,1141644.7850784578,0,
e:00126-2024-0010:149721:1:eik:147146949:1,00126-2024-0010,"СМР по текущ ремонт на улична мрежа, общинска пътна мрежа и паркинги на територията на Община Несебър по обособени позиции: ОП 1 –гр. Свети Влас общ. Несебър , ОП 2 - гр. Обзор, с. Баня, с. Раковсково",ОБЩИНА НЕСЕБЪР,000057122,БРИЛЯНТ-СЛЪНЧЕВ БРЯГ ООД,147146949,company,45,Открита,2024-05-30,613550.2574354622,0,
e:00126-2024-0010:157677:1:eik:200052294:1,00126-2024-0010,"СМР по текущ ремонт на улична мрежа, общинска пътна мрежа и паркинги на територията на Община Несебър по обособени позиции: ОП 1 –гр. Свети Влас общ. Несебър , ОП 2 - гр. Обзор, с. Баня, с. Раковсково",ОБЩИНА НЕСЕБЪР,000057122,ДС. МАКАДАМ ООД,200052294,company,45,Открита,2024-07-11,613550.2574354622,0,
e:00126-2024-0011:145805:_:eik:200970046:1,00126-2024-0011,"Изграждане на улица ""Камчия"" от о.т.596-597-598-570 в с. Равда, община Несебър",ОБЩИНА НЕСЕБЪР,000057122,ЕИВ ЕООД,200970046,company,45,Събиране на оферти,2024-05-31,67227.48909670064,0,2
e:00126-2024-0012:145787:_:eik:200970046:1,00126-2024-0012,"Изграждане на улица ""Резвая"" от о.т.12-10 с.Равда, община Несебър",ОБЩИНА НЕСЕБЪР,000057122,ЕИВ ЕООД,200970046,company,45,Събиране на оферти,2024-05-31,120000.26075885941,0,2
e:00126-2024-0013:154496:1:eik:200966838:1,00126-2024-0013,"“ Изграждане на площадка за спорт на открито в ПИ 61056.65.17 по плана на с.Равда, гр.Несебър“",ОБЩИНА НЕСЕБЪР,000057122,ЕКОРП ЕООД,200966838,company,45,Състезание,2024-06-25,153507.41628873674,0,
e:00126-2024-0014:153777:1:eik:200308719:1,00126-2024-0014,"“Упражняване на строителен надзор при изпълнение на строително-монтажни работи за общински обект: „Изграждане на подземен паркинг в УПИ - I - общ., кв. 57, по плана на гр. Несебър /ПИ 51500.502.429/ п",ОБЩИНА НЕСЕБЪР,000057122,"""ДИ ВИ КОНСУЛТ БГ"" ООД",200308719,company,71,Открита,2024-06-21,18292.48963355711,0,
e:00126-2024-0015:162336:1:eik:205468389:1,00126-2024-0015,"„Изграждане на закрит плувен басейн в УПИ II, кв. 3 по плана на кв. Черно море, гр. Несебър, общ. Несебър, ПИ 51500.503.393 по КК на гр. Несебър, общ. Несебър""",ОБЩИНА НЕСЕБЪР,000057122,ПАУЪР СМАРТ ООД,205468389,company,45,Състезание,2024-07-30,1177603.0023059263,0,
e:00126-2024-0016:145855:1:eik:206063753:1,00126-2024-0016,Осигуряване на места за нощуване на командировани служители от структурите на МВР,ОБЩИНА НЕСЕБЪР,000057122,БИВОЛАРОВ 2020 ЕООД,206063753,company,55,Състезание,2024-06-10,58798.56633756513,0,
e:00126-2024-0017:159862:1:eik:202834251:1,00126-2024-0017,"„Изграждане на подземен паркинг в УПИ - I - общ., кв. 57, по плана на гр. Несебър /ПИ 51500.502.429/ по к.к. на гр. Несебър, Община Несебър""",ОБЩИНА НЕСЕБЪР,000057122,Фармвил ЕАД,202834251,company,45,Състезание,2024-08-21,2093700.6999585854,0,
e:00126-2024-0018:154640:1:eik:201484467:1,00126-2024-0018,"Доставка на мултифункционална вакуумна машина за събиране и извозване на зелени отпадъци от обществени площи, паркове и градини",ОБЩИНА НЕСЕБЪР,000057122,"""АВТОКАМ БЪЛГАРИЯ"" ООД",201484467,company,34,Открита,2024-07-16,70444.2615155714,0,
e:00126-2024-0019:161782:1:eik:175102326:1,00126-2024-0019,"„Преустройство на полифункционална обществена сграда с клубно предназначение в УПИ I-общ., кв.28 по плана на с.Равда /ПИ 61056.501.76.2 по к.к. на с.Равда, община Несебър/ - етапно строителство I и II",ОБЩИНА НЕСЕБЪР,000057122,ГЕОСТРОЙ АД,175102326,company,45,Състезание,2024-08-13,4028360.2715982473,0,
e:00126-2024-0021:144828:1:eik:000646811:1,00126-2024-0021,Доставка на МПС тип „седан“ за нуждите на Община Несебър,ОБЩИНА НЕСЕБЪР,000057122,"""МОТО-ПФОЕ"" ЕООД",000646811,company,34,Открита,2024-05-30,41325.16629768436,0,
e:00126-2024-0022:155408:1:eik:130696746:1,00126-2024-0022,Доставка на съдове за събиране на отпадъци,ОБЩИНА НЕСЕБЪР,000057122,"""БИ ЕМ ЛИЗИНГ-ТРЕЙД"" АД",130696746,company,34,Открита,2024-07-25,146996.4158439128,0,
e:00126-2024-0024:157612:1:eik:202880238:1,00126-2024-0024,"„ПРЕУСТРОЙСТВО, УКРЕПВАНЕ и НАДСТРОЙКА на съществуващи едноетажни сгради 53045.502.294.4 и 53045.502.294.5 и обособяването на двуетажна сграда ""АРХЕОЛОГИЧЕСКИ МУЗЕЙ"" в УПИ I от кв. 24 по регулационния",ОБЩИНА НЕСЕБЪР,000057122,ГАЛАКСИ СТРОЙ ЕООД,202880238,company,45,Състезание,2024-07-11,308279.876062848,0,
e:00126-2024-0025:150560:1:eik:103800009:1,00126-2024-0025,"Избор на изпълнител за изработка, доставка, монтаж, ремонт и поддръжка на вертикална пътна сигнализация за нуждите на Община Несебър",ОБЩИНА НЕСЕБЪР,000057122,ЕЛИТ-ПЪТНА СИГНАЛИЗАЦИЯ ЕООД,103800009,company,45,Състезание,2024-06-20,69024.4039614895,0,
e:00126-2024-0026:178548:1:eik:102890249:1,00126-2024-0026,"Доставка на фабрично нов, товарен автомобил с надстройка тип „Мултилифт“ за нуждите на ОП ""Управление на отпадъците"", Община Несебър",ОБЩИНА НЕСЕБЪР,000057122,ХИДРО МАТ ЕООД,102890249,company,34,Открита,2025-01-07,299617.04238098406,0,5
e:00126-2024-0027:157895:1:eik:130696746:1,00126-2024-0027,Доставка на употребяван мултифункционален автомобил за поддържане на общинска пътна мрежа,ОБЩИНА НЕСЕБЪР,000057122,"""БИ ЕМ ЛИЗИНГ-ТРЕЙД"" АД",130696746,company,34,Открита,2024-08-07,182928.47537873947,0,
e:00126-2024-0028:158915:1:eik:831830482:1,00126-2024-0028,Избор на изпълнител за извършване на застраховка „КАСКО“ за нуждите на Община Несебър и общинските предприятия,ОБЩИНА НЕСЕБЪР,000057122,"""Застрахователно дружество Бул Инс"" АД",831830482,company,66,Открита,2024-08-14,33947.54656590808,0,
e:00126-2024-0029:145415:_:eik:102937300:1,00126-2024-0029,Услуги в областта на околната среда на територията на Община Несебър,ОБЩИНА НЕСЕБЪР,000057122,"""ВАНГ"" ЕООД",102937300,company,90,Събиране на оферти,2024-05-27,51129.18811962185,0,1
e:00126-2024-0030:166471:1:eik:200285252:1,00126-2024-0030,"„ Инженеринг/ проектиране, СМР и авторски надзор на обект: Енергийно обновяване на сграда за култура и изкуство - читалище „Яна Лъскова“, Община Несебър“",ОБЩИНА НЕСЕБЪР,000057122,СТРОЙНОРМ ЕООД,200285252,company,45,Състезание,2024-09-17,359035.2484622897,1,
e:00126-2024-0032:160283:_:eik:202397111:1,00126-2024-0032,"Основен ремонт на част от Парково пространство с идентификатор 53045.502.255 до Площад ""Свобода "" в гр.Обзор, общ.Несебър - алейно осветление, озеленяване и детска площадка",ОБЩИНА НЕСЕБЪР,000057122,АТЛАНТ 2013 ЕООД,202397111,company,45,Събиране на оферти,2024-07-30,135800.24337493547,0,2
e:00126-2024-0033:165710:1:eik:202360052:1,00126-2024-0033,"Доставка на 6 бр. МПС за нуждите на Община Несебър по обособени позиции, Обособена позиция 4: Доставка на 1 бр. употребявано МПС тип „SUV“ 4x4",ОБЩИНА НЕСЕБЪР,000057122,АУТО КА ЕООД,202360052,company,34,Открита,2024-09-24,9867.933307087016,0,
e:00126-2024-0033:166359:1:eik:202360052:1,00126-2024-0033,"Доставка на 6 бр. МПС за нуждите на Община Несебър по обособени позиции, Обособена позиция 1: Доставка на 1 бр. употребявано МПС тип „Пътнически бус“",ОБЩИНА НЕСЕБЪР,000057122,АУТО КА ЕООД,202360052,company,34,Открита,2024-09-24,21176.007117182984,0,
e:00126-2024-0033:166374:1:eik:202360052:1,00126-2024-0033,"Доставка на 6 бр. МПС за нуждите на Община Несебър по обособени позиции, Обособена позиция 2: Доставка на 1 бр. употребявано МПС тип „Лек автомобил“",ОБЩИНА НЕСЕБЪР,000057122,АУТО КА ЕООД,202360052,company,34,Открита,2024-09-24,9970.19168332626,0,
e:00126-2024-0033:166385:1:eik:202360052:1,00126-2024-0033,"Доставка на 6 бр. МПС за нуждите на Община Несебър по обособени позиции, Обособена позиция 3: Доставка на 1 бр. употребявано МПС тип „SUV“ 4x4",ОБЩИНА НЕСЕБЪР,000057122,АУТО КА ЕООД,202360052,company,34,Открита,2024-09-24,9816.804118967395,0,
e:00126-2024-0033:166389:1:eik:202360052:1,00126-2024-0033,"Доставка на 6 бр. МПС за нуждите на Община Несебър по обособени позиции, Обособена позиция 5: Доставка на 1 бр. употребявано МПС тип „SUV“ 4x4",ОБЩИНА НЕСЕБЪР,000057122,АУТО КА ЕООД,202360052,company,34,Открита,2024-09-24,9663.41655460853,0,
e:00126-2024-0033:166400:1:eik:202360052:1,00126-2024-0033,"Доставка на 6 бр. МПС за нуждите на Община Несебър по обособени позиции, Обособена позиция 6: Доставка на 1 бр. употребявано МПС тип „SUV“ 4x4",ОБЩИНА НЕСЕБЪР,000057122,АУТО КА ЕООД,202360052,company,34,Открита,2024-09-24,9714.54574272815,0,
e:00126-2024-0034:162867:1:eik:175190739:1,00126-2024-0034,Доставка на ново МПС тип „седан“ за нуждите на Община Несебър,ОБЩИНА НЕСЕБЪР,000057122,"""ЕУРАТЕК АУТО"" ООД",175190739,company,34,Открита,2024-09-11,40785.75336302235,0,
e:00126-2024-0035:172304:1:eik:147146949:1,00126-2024-0035,"„Изграждане на улица до новопроектирана детска градина, кв. Русалка, гр. Свети Влас, община Несебър“",ОБЩИНА НЕСЕБЪР,000057122,БРИЛЯНТ-СЛЪНЧЕВ БРЯГ ООД,147146949,company,45,Състезание,2024-11-06,200549.82283736317,0,
e:00126-2024-0040:166731:_:eik:147061826:1,00126-2024-0040,„Проектиране на идеен и технически инвестиционен проект и осъществяване на авторски надзор за обект: „Пристрояване на нов учебен корпус с класни стаи за целодневно обучение в СУ „Любен Каравелов“ в УП,ОБЩИНА НЕСЕБЪР,000057122,АРХЛАЙН-НИКОЛОВ ЕООД,147061826,company,71,Събиране на оферти,2024-10-15,51129.18811962185,0,8
e:00126-2024-0042:165658:_:eik:102890249:1,00126-2024-0042,"Извършване на поддържка, обслужване и ремонти на компактираща инсталация, находяща се на територията на ОП Управление на отпадъците – Несебър, собственост на Община Несебър",ОБЩИНА НЕСЕБЪР,000057122,ХИДРО МАТ ЕООД,102890249,company,50,Събиране на оферти,2024-10-02,51129.18811962185,0,1
e:00126-2024-0044:172083:1:eik:130460283:1,00126-2024-0044,"Предоставяне на далекосъобщителни услуги чрез обществена далекосъобщителна подвижна клетъчна мрежа по стандарт GSM с национално покритие от лицензиран оператор и извършване на специализирани доставки и услуги, свързани с тази дейност, за нуждите на Община Несебър",ОБЩИНА НЕСЕБЪР,000057122,ЙЕТТЕЛ БЪЛГАРИЯ ЕАД,130460283,company,64,Открита,2024-11-06,153387.56435886555,0,
e:00126-2024-0045:173473:1:eik:202397111:1,00126-2024-0045,"Саниране на административната сграда на Община Несебър с ид. 51500.502.377.2, .3, .4 и .12, находяща се на ул.""Еделвайс"", гр. Несебър",ОБЩИНА НЕСЕБЪР,000057122,АТЛАНТ 2013 ЕООД,202397111,company,45,Състезание,2024-11-07,619768.5995204082,1,
e:00126-2024-0046:170371:1:eik:202397111:1,00126-2024-0046,"„Ремонт – реконструкция на съществуващо игрище в двора на ОУ „Св. Иван Рилски“ в село Кошарица, в УПИ IV-230 /ПИ 39164.501.664 по КККР/ в кв. 24 по плана на село Кошарица, с административен адрес: с. Кошарица, ул. „23-ти септември“ №45.",ОБЩИНА НЕСЕБЪР,000057122,АТЛАНТ 2013 ЕООД,202397111,company,45,Пряко / без обявление,2024-10-14,135708.50227269242,0,
e:00126-2024-0047:173648:1:eik:101753016:1,00126-2024-0047,"“Упражняване на строителен надзор при изпълнение на строително-монтажни работи за общински обект: „Саниране на административната сграда на Община Несебър с ид. 51500.502.377.2, .3, .4 и .12, находяща се на ул. ""Еделвайс"", гр. Несебър“",ОБЩИНА НЕСЕБЪР,000057122,"""АСТРА КОНСУЛТ"" ЕООД",101753016,company,71,Открита,2024-11-25,9198.14094271997,0,
e:00126-2024-0048:169601:_:eik:831642181:1,00126-2024-0048,Предоставяне на електронни съобщителни услуги за нуждите на Община Несебър чрез обществена фиксирана електронна съобщителна мрежа,ОБЩИНА НЕСЕБЪР,000057122,"""БТК"" ЕАД",831642181,company,64,Събиране на оферти,2024-10-24,46016.26930765966,0,1
e:00126-2024-0050:187382:1:eik:121370541:1,00126-2024-0050,Избор на изпълнител за извършване на дезинсекционни и дератизационни дейности в регулацията на населените места на територията на община Несебър,ОБЩИНА НЕСЕБЪР,000057122,"""Д.Д.Д. - 1"" ООД",121370541,company,90,Открита,2025-03-11,158500.48317082773,0,3
e:00126-2024-0051:178289:1:eik:000646811:1,00126-2024-0051,"Доставка на 1 (един) брой фабрично нов автомобил с 8+1 места за нуждите на Управление ""Социални грижи и услуги"" (Център за обществена подкрепа), Община Несебър",ОБЩИНА НЕСЕБЪР,000057122,"""МОТО-ПФОЕ"" ЕООД",000646811,company,34,Открита,2024-12-16,35074.96561562099,0,2
e:00126-2024-0052:175010:2:eik:102811636:1,00126-2024-0052,"Публикации на обяви, съобщения и други текстове, свързани с дейността на Община Несебър по обособени позиции, Обособена позиция 2: Публикации на обяви, съобщения и други текстове, свързани с дейността на Община Несебър в местни печатни издания",ОБЩИНА НЕСЕБЪР,000057122,ЕТ МАРАМ - МАРА МОМЧИЛОВА,102811636,company,22,Събиране на оферти,2024-11-29,14316.172673494118,0,2
e:00126-2024-0052:178339:1:eik:202217061:1,00126-2024-0052,"Публикации на обяви, съобщения и други текстове, свързани с дейността на Община Несебър по обособени позиции, Обособена позиция 1: Публикации на обяви, съобщения и други текстове, свързани с дейността на Община Несебър в национални печатни издания, съдържащи регионални приложения за област Бургас",ОБЩИНА НЕСЕБЪР,000057122,ПРО НЮЗ БЪЛГАРИЯ АД,202217061,company,22,Събиране на оферти,2024-12-16,21474.259010241178,0,2
e:00126-2024-0054:196822:1:eik:202156021:1,00126-2024-0054,Доставка и монтаж на климатици за нуждите на община Несебър,ОБЩИНА НЕСЕБЪР,000057122,"""ПРЕСТИЖ КЛИМА"" ООД ЕООД",202156021,company,39,Открита,2025-05-14,51129.18811962185,0,9
e:00126-2024-0055:188598:1:eik:205099066:1,00126-2024-0055,"Демонтаж и предоставяне за рециклиране на високоемисионни печки и котли на твърдо гориво на територията на Община Несебър в рамките на проект: „Несебър е ЗА по-чист въздух“, финансиран по Програма „Околна среда“ 2021-2027г.",ОБЩИНА НЕСЕБЪР,000057122,МИТЕО ЕООД,205099066,company,90,Пряко / без обявление,2025-03-13,140114.42712301173,1,1
e:00126-2024-0059:192621:1:eik:202397111:1,00126-2024-0059,"Ремонт на фермерски пазар , гр. Обзор, община Несебър в ПИ 53045.501.166",ОБЩИНА НЕСЕБЪР,000057122,АТЛАНТ 2013 ЕООД,202397111,company,45,Състезание,2025-03-17,284387.5592459467,0,4
e:00126-2024-0060:192633:1:eik:147043618:1,00126-2024-0060,Реконструкция на път от ОПС – „Тънково – 1“ (връзка с плочогредов мост на р. Хаджийска“) до път III-9061 (Оризаре – Слънчев бряг),ОБЩИНА НЕСЕБЪР,000057122,АГРО-САМ ЕООД,147043618,company,45,Състезание,2025-03-17,854143.892874125,0,4
e:00126-2024-0062:186433:_:eik:206942872:1,00126-2024-0062,"Текущ ремонт на съществуваща площадка за игра на открито в ПИ 61056.502.526 по плана на с. Равда, община Несебър.",ОБЩИНА НЕСЕБЪР,000057122,Хадистрой ЕООД,206942872,company,45,Събиране на оферти,2025-02-24,55981.50145973833,0,1
e:00126-2024-0063:186425:_:eik:202397111:1,00126-2024-0063,"""Магазини за спортни и промишлени стоки за сезонно ползване към спортен комплекс в УПИ III-35, кв.6 по плана на гр. Обзор, община Несебър /ПИ53045.502.593 по КК/""",ОБЩИНА НЕСЕБЪР,000057122,АТЛАНТ 2013 ЕООД,202397111,company,45,Събиране на оферти,2025-02-24,146723.43710854216,0,2
e:00126-2024-0064:188545:1:eik:102981058:1,00126-2024-0064,"„Изграждане на улично осветление на паркинги и тротоари в обхвата на ул. Първа - западна част в участъка от о.т.410 до о.т.423 в к.к Слънчев бряг""",ОБЩИНА НЕСЕБЪР,000057122,ЕЛЕКТРИКАЛ ГРУП ООД,102981058,company,45,Състезание,2025-02-24,166432.22059176923,0,1
e:00126-2025-0001:192869:1:eik:202268878:1,00126-2025-0001,"СМР НА Обект: „ РЕКРЕАЦИЯ И АТРАКЦИЯ В УПИ I И УПИ II, КВ.78 ПО ПЛАНА НА ГР. НЕСЕБЪР“",ОБЩИНА НЕСЕБЪР,000057122,СТРОЙ ГРУП ИНЖЕНЕРИНГ ЕООД,202268878,company,45,Състезание,2025-03-19,198414.42252138478,0,4
e:00126-2025-0002:193075:1:eik:201800812:1,00126-2025-0002,"„Доставка на почистващи препарати, попадащи в списъка по чл. 12, ал. 1, т. 1 от ЗОП, за нуждите на общинската администрация и второстепенните разпоредители на Община Несебър“",ОБЩИНА НЕСЕБЪР,000057122,СТАНДАРТ – ИНВЕСТ – ГРУП ЕООД,201800812,company,39,Открита,2025-03-31,108.90517069479453,0,1
e:00126-2025-0003:190047:_:eik:202880238:1,00126-2025-0003,"Благоустрояване на южното пространство към административната сграда на Община Несебър с ид. 51500.502.377.2, .3, .4 и .12, находяща се на ул.“Еделвайс“ 10, гр. Несебър",ОБЩИНА НЕСЕБЪР,000057122,ГАЛАКСИ СТРОЙ ЕООД,202880238,company,45,Събиране на оферти,2025-03-28,76537.9966561511,0,3
e:00126-2025-0006:198772:1:eik:102895118:1,00126-2025-0006,"Техническо поддържане и ремонт на леки автомобили, собственост на Община Несебър и второстепенните разпоредители на общината, както и свързаната с тях доставка на резервни части",ОБЩИНА НЕСЕБЪР,000057122,ЕВРОСЪРВИЗ ЕООД,102895118,company,50,Открита,2025-05-23,255645.94059810924,0,2
e:00126-2025-0007:229441:1:eik:200183639:1,00126-2025-0007,"Доставка, монтаж, въвеждане в експлоатация и гаранционно обслужване на устройства за битово отопление по 2бр. обособени позиции, Обособена позиция 1: „Доставка, монтаж, въвеждане в експлоатация и гаранционно обслужване на отоплителни устройства за битово отопление на пелети или дървен чипс и радиатори“",ОБЩИНА НЕСЕБЪР,000057122,АКТИВ БИЛД ЕООД,200183639,company,39,Открита,2025-12-12,327252.36855963967,1,6
e:00126-2025-0007:235124:1:name:еКЛИМА ЕООД; ДИ ЕНД ЕМ КОНСУЛТ ЕООД:1,00126-2025-0007,"Доставка, монтаж, въвеждане в експлоатация и гаранционно обслужване на устройства за битово отопление по 2бр. обособени позиции, Обособена позиция 2: Доставка, монтаж, въвеждане в експлоатация и гаранционно обслужване на отоплителни устройства за битово отопление – термопомпи, сплит система „въздух – вода“ и радиатори",ОБЩИНА НЕСЕБЪР,000057122,еКЛИМА ЕООД и др.,,consortium,39,Открита,2026-01-20,1234206.35,1,11
e:00126-2025-0008:201432:1:eik:201484467:1,00126-2025-0008,Доставка на един брой употребяван сметосъбиращ и сметоизвозващ автомобил,ОБЩИНА НЕСЕБЪР,000057122,"""АВТОКАМ БЪЛГАРИЯ"" ООД",201484467,company,34,Открита,2025-06-16,112370.19577366131,0,2
e:00126-2025-0009:190050:1:eik:102182129:1,00126-2025-0009,"Доставка на хранителни продукти за нуждите на „Домашен социален патронаж“ и „Детска млечна кухня“ на територията на община Несебър по обособени позиции, Обособена позиция 1: Доставка на основни хранителни продукти",ОБЩИНА НЕСЕБЪР,000057122,ИВ ТРЕЙД ООД,102182129,company,15,Договаряне с покана,2025-03-26,43459.80990167857,0,1
e:00126-2025-0009:190052:2:eik:102182129:1,00126-2025-0009,"Доставка на хранителни продукти за нуждите на „Домашен социален патронаж“ и „Детска млечна кухня“ на територията на община Несебър по обособени позиции, Обособена позиция 2: Доставка на плодове и зеленчуци",ОБЩИНА НЕСЕБЪР,000057122,ИВ ТРЕЙД ООД,102182129,company,15,Договаряне с покана,2025-03-26,7669.378217943277,0,1
e:00126-2025-0010:201113:1:eik:201484467:1,00126-2025-0010,"Доставка на мултифункционална вакуумна машина за събиране и извозване на зелени отпадъци от обществени площи, паркове и градини",ОБЩИНА НЕСЕБЪР,000057122,"""АВТОКАМ БЪЛГАРИЯ"" ООД",201484467,company,34,Открита,2025-06-11,73000.72092155249,0,1
e:00126-2025-0011:204325:1:eik:130696746:1,00126-2025-0011,Доставка на нов електрически лекотоварен автомобил с обща маса до 3500 кг оборудвани със самосвална надстройка за извозване на отпадъци,ОБЩИНА НЕСЕБЪР,000057122,"""БИ ЕМ ЛИЗИНГ-ТРЕЙД"" АД",130696746,company,34,Открита,2025-06-19,78624.93161471089,0,3
e:00126-2025-0012:199777:1:eik:103800009:1,00126-2025-0012,Избор на изпълнител за полагане на нова хоризонтална пътна маркировка и възстановяване на стара и демаркировка,ОБЩИНА НЕСЕБЪР,000057122,ЕЛИТ-ПЪТНА СИГНАЛИЗАЦИЯ ЕООД,103800009,company,45,Състезание,2025-06-04,541.8313452600686,0,2
e:00126-2025-0013:201293:1:eik:831654365:1,00126-2025-0013,"Извършване на инвентаризация на горските територии, план за дейностите по опазване на горските територии от пожари и горскостопански план за горските територии, собственост на Община Несебър",ОБЩИНА НЕСЕБЪР,000057122,"""Агролеспроект"" ЕООД",831654365,company,77,Състезание,2025-06-10,90442.9372695991,0,2
e:00126-2025-0014:201146:1:eik:130696746:1,00126-2025-0014,Доставка на електрическа мултифункционална машина за метене и поддържане на хигиена на обществени места,ОБЩИНА НЕСЕБЪР,000057122,"""БИ ЕМ ЛИЗИНГ-ТРЕЙД"" АД",130696746,company,34,Открита,2025-06-11,43857.08369336803,0,1
e:00126-2025-0015:201308:1:eik:200304140:1,00126-2025-0015,"Доставка, монтаж, пускане в експлоатация и мрежова свързаност на 11 броя паркомати",ОБЩИНА НЕСЕБЪР,000057122,ВИЖЪН 2008 ЕООД,200304140,company,34,Открита,2025-06-09,105453.95049672006,0,1
e:00126-2025-0016:201397:1:eik:200304140:1,00126-2025-0016,"Доставка, монтаж, пускане в експлоатация и мрежова свързаност на елементи за нови паркинги и подмяна на съществуващи елементи от съществуващите, настройка и свързване към съществуващата паркинг система",ОБЩИНА НЕСЕБЪР,000057122,ВИЖЪН 2008 ЕООД,200304140,company,34,Открита,2025-06-09,152848.15142420353,0,1
e:00126-2025-0017:201371:1:eik:200304140:1,00126-2025-0017,Поддръжка и осигуряване на свързаност на действащата паркинг система и система за контрол на достъпа на територията на община Несебър,ОБЩИНА НЕСЕБЪР,000057122,ВИЖЪН 2008 ЕООД,200304140,company,98,Открита,2025-06-09,358359.36661161756,0,1
e:00126-2025-0019:201388:1:eik:206063753:1,00126-2025-0019,Осигуряване на места за нощуване на командировани служители от структурите на МВР,ОБЩИНА НЕСЕБЪР,000057122,БИВОЛАРОВ 2020 ЕООД,206063753,company,55,Състезание,2025-06-10,46016.26930765966,0,1
e:00126-2025-0020:217245:1:eik:147146949:1,00126-2025-0020,„СМР по текущ ремонт на тротоари на територията на Община Несебър по обособени позиции: ОП 6 - гр. Свети Влас,ОБЩИНА НЕСЕБЪР,000057122,БРИЛЯНТ-СЛЪНЧЕВ БРЯГ ООД,147146949,company,45,Открита,2025-09-02,204516.7524784874,0,1
e:00126-2025-0020:219975:1:eik:201753330:1,00126-2025-0020,„СМР по текущ ремонт на тротоари на територията на Община Несебър по обособени позиции: ОП 1 -гр. Несебър – нов град и ж.к.“Черно море“;,ОБЩИНА НЕСЕБЪР,000057122,ФЕНИКС БИЛДИНГ ЕООД,201753330,company,45,Открита,2025-09-19,306775.1287177311,0,2
e:00126-2025-0020:220053:1:eik:201287384:1,00126-2025-0020,"„СМР по текущ ремонт на тротоари на територията на Община Несебър по обособени позиции: ОП 3 - с. Кошарица, с. Оризаре, с. Тънково и с. Гюльовца общ. Несебър;",ОБЩИНА НЕСЕБЪР,000057122,ТЕРМО ЛАЙФ ЕООД,201287384,company,45,Открита,2025-09-16,204516.7524784874,0,3
e:00126-2025-0020:220069:1:eik:200970046:1,00126-2025-0020,„СМР по текущ ремонт на тротоари на територията на Община Несебър по обособени позиции: ОП 4 - с. Равда общ. Несебър;,ОБЩИНА НЕСЕБЪР,000057122,ЕИВ ЕООД,200970046,company,45,Открита,2025-09-19,204516.7524784874,0,1
e:00126-2025-0020:220858:1:eik:207096336:1,00126-2025-0020,„СМР по текущ ремонт на тротоари на територията на Община Несебър по обособени позиции: ОП 2 - гр. Несебър – к-с „Слънчев бряг – запад“,ОБЩИНА НЕСЕБЪР,000057122,БобиДиг ЕООД,207096336,company,45,Открита,2025-09-26,204516.7524784874,0,3
e:00126-2025-0020:221933:1:eik:202397111:1,00126-2025-0020,"„СМР по текущ ремонт на тротоари на територията на Община Несебър по обособени позиции: ОП 5 - гр. Обзор, с. Баня, с. Раковсково, с. Паницово и с. Приселци общ. Несебър;",ОБЩИНА НЕСЕБЪР,000057122,АТЛАНТ 2013 ЕООД,202397111,company,45,Открита,2025-10-01,306775.1287177311,0,3
e:00126-2025-0021:198672:_:eik:102937300:1,00126-2025-0021,Услуги в областта на околната среда на територията на Община Несебър,ОБЩИНА НЕСЕБЪР,000057122,"""ВАНГ"" ЕООД",102937300,company,90,Събиране на оферти,2025-05-27,51129.18811962185,0,1
e:00126-2025-0024:216459:1:eik:813152902:1,00126-2025-0024,„УКРЕПИТЕЛНИ СЪОРЪЖЕНИЯ В ОБХВАТА НА СВЛАЧИЩЕ № BGS 15.51500-02 НА ТЕРИТОРИЯТА НА ОБЩИНА НЕСЕБЪР“,ОБЩИНА НЕСЕБЪР,000057122,"""ГЕОЗАЩИТА"" ЕООД",813152902,company,71,Пряко / без обявление,2025-08-27,101491.43841744938,0,1
e:00126-2025-0025:218524:1:eik:102182129:1,00126-2025-0025,"Доставка на хранителни продукти за нуждите на „Домашен социален патронаж“ и „Детска млечна кухня“ на територията на община Несебър по обособени позиции, Обособена позиция 1: Доставка на хляб и хлебни изделия",ОБЩИНА НЕСЕБЪР,000057122,ИВ ТРЕЙД ООД,102182129,company,15,Открита,2025-10-01,17895.215841867648,0,4
e:00126-2025-0025:218530:1:eik:206503932:1,00126-2025-0025,"Доставка на хранителни продукти за нуждите на „Домашен социален патронаж“ и „Детска млечна кухня“ на територията на община Несебър по обособени позиции, Обособена позиция 2: Доставка на месо, месни продукти и риба",ОБЩИНА НЕСЕБЪР,000057122,АРТИС СТИЛ ЕООД,206503932,company,15,Открита,2025-10-01,74648.6146546479,0,3
e:00126-2025-0025:220013:1:eik:202519316:1,00126-2025-0025,"Доставка на хранителни продукти за нуждите на „Домашен социален патронаж“ и „Детска млечна кухня“ на територията на община Несебър по обособени позиции, Обособена позиция 6: Доставка на плодове и зеленчуци",ОБЩИНА НЕСЕБЪР,000057122,ЗЛАТИСЛАВА 07 ЕООД,202519316,company,15,Открита,2025-10-01,30677.51287177311,0,4
e:00126-2025-0025:220023:1:eik:206503932:1,00126-2025-0025,"Доставка на хранителни продукти за нуждите на „Домашен социален патронаж“ и „Детска млечна кухня“ на територията на община Несебър по обособени позиции, Обособена позиция 3: Доставка на яйца, мляко и млечни продукти",ОБЩИНА НЕСЕБЪР,000057122,АРТИС СТИЛ ЕООД,206503932,company,15,Открита,2025-10-01,24542.01029741849,0,3
e:00126-2025-0025:220038:1:eik:206503932:1,00126-2025-0025,"Доставка на хранителни продукти за нуждите на „Домашен социален патронаж“ и „Детска млечна кухня“ на територията на община Несебър по обособени позиции, Обособена позиция 4: Доставка на замразени и консервирани хранителни продукти и напитки",ОБЩИНА НЕСЕБЪР,000057122,АРТИС СТИЛ ЕООД,206503932,company,15,Открита,2025-10-01,34767.84792134286,0,3
e:00126-2025-0025:220048:1:eik:206503932:1,00126-2025-0025,"Доставка на хранителни продукти за нуждите на „Домашен социален патронаж“ и „Детска млечна кухня“ на територията на община Несебър по обособени позиции, Обособена позиция 5: Доставка на пакетирани храни, подправки и др.",ОБЩИНА НЕСЕБЪР,000057122,АРТИС СТИЛ ЕООД,206503932,company,15,Открита,2025-10-01,29654.92910938067,0,3
e:00126-2025-0025:220065:1:eik:206503932:1,00126-2025-0025,"Доставка на хранителни продукти за нуждите на „Домашен социален патронаж“ и „Детска млечна кухня“ на територията на община Несебър по обособени позиции, Обособена позиция 7: Доставка на биологични хранителни продукти",ОБЩИНА НЕСЕБЪР,000057122,АРТИС СТИЛ ЕООД,206503932,company,15,Открита,2025-10-01,7669.378217943277,0,1
e:00126-2025-0027:222042:1:eik:102981058:1,00126-2025-0027,"„Улично осветление за паркинги и благоустрояване от о.т.83 /425/ до о.т.123 /447/, улица Първа - КК Слънчев бряг-Запад, Община Несебър“.",ОБЩИНА НЕСЕБЪР,000057122,ЕЛЕКТРИКАЛ ГРУП ООД,102981058,company,45,Състезание,2025-10-01,178600.92646088873,0,2
e:00126-2025-0028:227548:1:eik:147146949:1,00126-2025-0028,„ СМР НА ПАРКИНГИ И БЛАГОУСТРОЯВАНЕ от о.т.83/425/ до о.т.123/447/” – улица Първа– КК Слънчев бряг-Запад”,ОБЩИНА НЕСЕБЪР,000057122,БРИЛЯНТ-СЛЪНЧЕВ БРЯГ ООД,147146949,company,45,Състезание,2025-11-05,575476.7336629461,0,6
e:00126-2025-0029:228053:1:eik:130696746:1,00126-2025-0029,Доставка на съдове за събиране на битови отпадъци,ОБЩИНА НЕСЕБЪР,000057122,"""БИ ЕМ ЛИЗИНГ-ТРЕЙД"" АД",130696746,company,34,Открита,2025-11-14,126672.56356636313,0,5
e:00126-2025-0030:217683:1:eik:103800009:1,00126-2025-0030,"Избор на изпълнител за изработка, доставка, монтаж, ремонт и поддръжка на вертикална пътна сигнализация за нуждите на Община Несебър",ОБЩИНА НЕСЕБЪР,000057122,ЕЛИТ-ПЪТНА СИГНАЛИЗАЦИЯ ЕООД,103800009,company,45,Състезание,2025-09-26,5062.9144659811955,0,2
e:00126-2025-0036:220663:_:eik:102890249:1,00126-2025-0036,"Извършване на поддържка, обслужване и ремонти на компактираща инсталация, находяща се на територията на ОП Управление на отпадъците – Несебър, собственост на Община Несебър",ОБЩИНА НЕСЕБЪР,000057122,ХИДРО МАТ ЕООД,102890249,company,50,Събиране на оферти,2025-10-14,51129.18811962185,0,1
e:00126-2025-0037:232853:1:eik:121265113:1,00126-2025-0037,"Застраховане на движимо и недвижимо имущество собственост на Община Несебър и общинските предприятия по обособени позиции, Обособена позиция 1: Застраховане на недвижимо имущество собственост на Община Несебър и общинските предприятия",ОБЩИНА НЕСЕБЪР,000057122,"""ЗАСТРАХОВАТЕЛНО ДРУЖЕСТВО ЕВРОИНС"" АД",121265113,company,66,Открита,2026-01-05,107371.3,0,2
e:00126-2025-0038:224726:_:eik:831642181:1,00126-2025-0038,Предоставяне на електронни съобщителни услуги за нуждите на Община Несебър чрез обществена фиксирана електронна съобщителна мрежа,ОБЩИНА НЕСЕБЪР,000057122,"""БТК"" ЕАД",831642181,company,64,Събиране на оферти,2025-11-04,46016.26930765966,0,1
e:00126-2025-0039:250458:1:eik:200966838:1,00126-2025-0039,"Изграждане на площадка за спорт на открито в ПИ 61056.65.17 по плана на с. Равда, гр. Несебър",ОБЩИНА НЕСЕБЪР,000057122,ЕКОРП ЕООД,200966838,company,45,Състезание,2026-04-21,198472.5,0,3
e:00126-2025-0040:230753:_:eik:202397111:1,00126-2025-0040,Ремонт на съществуваща площадка за спорт и игра на открито в ПИ 51500.506.268 по плана на гр.Несебър.,ОБЩИНА НЕСЕБЪР,000057122,АТЛАНТ 2013 ЕООД,202397111,company,45,Събиране на оферти,2025-12-19,58604.8480696175,0,2
e:00126-2025-0041:244448:1:eik:147146949:1,00126-2025-0041,"СМР по текущ ремонт на улична мрежа, общинска пътна мрежа и паркинги на територията на Община Несебър по обособени позиции: ОП 1 –гр. Свети Влас общ. Несебър , ОП 2- с. Кошарица, с. Оризаре, с. Тънково и с. Гюльовца общ. Несебър; , ОП 3 – гр. Несебър - К-с ,,Слънчев Бряг - Запад""”, Обособена позиция 1: ОП 1 –гр. Свети Влас общ. Несебър",ОБЩИНА НЕСЕБЪР,000057122,БРИЛЯНТ-СЛЪНЧЕВ БРЯГ ООД,147146949,company,45,Открита,2026-03-12,959.05,0,1
e:00126-2025-0041:244478:1:eik:147043618:1,00126-2025-0041,"СМР по текущ ремонт на улична мрежа, общинска пътна мрежа и паркинги на територията на Община Несебър по обособени позиции: ОП 1 –гр. Свети Влас общ. Несебър , ОП 2- с. Кошарица, с. Оризаре, с. Тънково и с. Гюльовца общ. Несебър; , ОП 3 – гр. Несебър - К-с ,,Слънчев Бряг - Запад""”, Обособена позиция 2: ОП 2- с. Кошарица, с. Оризаре, с. Тънково и с. Гюльовца общ. Несебър;",ОБЩИНА НЕСЕБЪР,000057122,АГРО-САМ ЕООД,147043618,company,45,Открита,2026-03-12,807.87,0,4
e:00126-2025-0041:246208:1:eik:202605092:1,00126-2025-0041,"СМР по текущ ремонт на улична мрежа, общинска пътна мрежа и паркинги на територията на Община Несебър по обособени позиции: ОП 1 –гр. Свети Влас общ. Несебър , ОП 2- с. Кошарица, с. Оризаре, с. Тънково и с. Гюльовца общ. Несебър; , ОП 3 – гр. Несебър - К-с ,,Слънчев Бряг - Запад""”, Обособена позиция 3: ОП 3 – гр. Несебър - К-с ,,Слънчев Бряг - Запад""”",ОБЩИНА НЕСЕБЪР,000057122,ЕР БИЛД - ИНЖЕНЕРИНГ ЕООД,202605092,company,45,Открита,2026-03-27,1022538.76,0,2
e:00126-2025-0042:240489:1:eik:204586324:1,00126-2025-0042,"Доставка, монтаж, демонтаж и баланс на гуми за служебните автомобилите на Община Несебър",ОБЩИНА НЕСЕБЪР,000057122,ТРАНС ГРУП ОБЗОР ЕООД,204586324,company,34,Открита,2026-03-06,332339.72,0,3
e:00126-2025-0043:226684:_:eik:201753330:1,00126-2025-0043,"""Ремонт на крайбрежната алея от северeната страна в гр.Несебър-стар град"".",ОБЩИНА НЕСЕБЪР,000057122,ФЕНИКС БИЛДИНГ ЕООД,201753330,company,45,Събиране на оферти,2025-11-26,142962.32290127466,0,2
e:00126-2025-0044:231338:1:eik:202360052:1,00126-2025-0044,"Доставка на 4 бр. употребявани МПС за нуждите на Община Несебър по обособени позиции, Обособена позиция 1: Доставка на 1 бр. употребявано МПС тип „SUV“ 4х4",ОБЩИНА НЕСЕБЪР,000057122,АУТО КА ЕООД,202360052,company,34,Открита,2025-12-15,9970.19,0,1
e:00126-2025-0044:231363:1:eik:202360052:1,00126-2025-0044,"Доставка на 4 бр. употребявани МПС за нуждите на Община Несебър по обособени позиции, Обособена позиция 2: Доставка на 1 бр. употребявано МПС тип „SUV“ 4х4",ОБЩИНА НЕСЕБЪР,000057122,АУТО КА ЕООД,202360052,company,34,Открита,2025-12-15,10225.84,0,1
e:00126-2025-0044:231379:1:eik:202360052:1,00126-2025-0044,"Доставка на 4 бр. употребявани МПС за нуждите на Община Несебър по обособени позиции, Обособена позиция 3: Доставка на 1 бр. употребявано МПС тип „Пътнически миниван“",ОБЩИНА НЕСЕБЪР,000057122,АУТО КА ЕООД,202360052,company,34,Открита,2025-12-15,12782.3,0,2
e:00126-2025-0044:231426:1:eik:202360052:1,00126-2025-0044,"Доставка на 4 бр. употребявани МПС за нуждите на Община Несебър по обособени позиции, Обособена позиция 4: Доставка на 1 бр. употребявано МПС тип „ВАН“",ОБЩИНА НЕСЕБЪР,000057122,АУТО КА ЕООД,202360052,company,34,Открита,2025-12-15,7413.73,0,2
e:00126-2025-0045:230736:_:eik:147125505:1,00126-2025-0045,"„ПРЕРАБОТКА ПО ВРЕМЕ НА СТРОИТЕЛСТВОТО ПО ЧЛ. 154 ОТ ЗУТ НА ПРОЕКТ: ПРЕУСТРОЙСТВО НА ПОЛИФУНКЦИОНАЛНА ОБЩЕСТВЕНА СГРАДА С КЛУБНО ПРЕДНАЗНАЧЕНИЕ В УПИ I-общ., кв.28 по плана на с. Равда /ПИ №61056.501.76.2 по К.К. на с. Равда община Несебър/",ОБЩИНА НЕСЕБЪР,000057122,"""ТЕРРА ПЛАН"" ООД",147125505,company,71,Договаряне с покана,2025-12-05,35560.350337197,0,1
e:00126-2025-0047:230946:_:eik:102981058:1,00126-2025-0047,"Ново улично осветление на ул. Пирин в ПИ 11538.4.79 и 11538.4.80, КК на гр. Свети Влас, Община Несебър",ОБЩИНА НЕСЕБЪР,000057122,ЕЛЕКТРИКАЛ ГРУП ООД,102981058,company,45,Събиране на оферти,2025-12-19,52025.92761129546,0,1
e:00126-2025-0048:224702:_:eik:104017998:1,00126-2025-0048,"Изработка и доставка на метални елементи със съпътстващо осветление за ел. стълбове, по визуализиран дизайн на Възложителя",ОБЩИНА НЕСЕБЪР,000057122,ХИТ ООД,104017998,company,31,Събиране на оферти,2025-11-07,46016.26930765966,0,2
e:00126-2025-0049:237169:1:eik:102701517:1,00126-2025-0049,"„Пристрояване на нов учебен корпус с класни стаи за целодневно обучение в СУ „Любен Каравелов” в УПИ I-общ., кв.57 по плана на гр.Несебър, представляващ ПИ 51500.502.429 по ККРР на гр.Несебър „",ОБЩИНА НЕСЕБЪР,000057122,СРЕГИ ООД,102701517,company,45,Състезание,2026-01-13,2771973.59,0,4
e:00126-2025-0050:247387:1:eik:131319820:1,00126-2025-0050,"Текущ ремонт на училищен двор и спортна инфраструктура в ПГТ „Иван Вазов“, к. к. Слънчев бряг",ОБЩИНА НЕСЕБЪР,000057122,Спортгруп Сървисиз ЕООД,131319820,company,45,Състезание,2026-04-17,384232.76,0,4
e:00126-2025-0051:230957:_:eik:102981058:1,00126-2025-0051,"Ново улично осветление на улици между кв.5601, 5701, 6201 - ПИ 51500.506.303 и ПИ 51500.506.302, к.к. Слънчев бряг, общ. Несебър.",ОБЩИНА НЕСЕБЪР,000057122,ЕЛЕКТРИКАЛ ГРУП ООД,102981058,company,45,Събиране на оферти,2025-12-19,97324.69590915366,0,1
e:00126-2025-0052:230968:_:eik:102981058:1,00126-2025-0052,"Ново улично осветление на ул.Ропотамо в ПИ 11538.3.126 и 11538.3.129, КК на гр. Свети Влас, Община Несебър",ОБЩИНА НЕСЕБЪР,000057122,ЕЛЕКТРИКАЛ ГРУП ООД,102981058,company,45,Събиране на оферти,2025-12-19,56909.5115628659,0,1
e:00126-2025-0053:252239:1:eik:102890249:1,00126-2025-0053,"Доставка на фабрично нов, товарен автомобил с надстройка тип „Мултилифт“ за нуждите на ОП ""Управление на отпадъците"", Община Несебър",ОБЩИНА НЕСЕБЪР,000057122,ХИДРО МАТ ЕООД,102890249,company,34,Открита,2026-05-29,299105.75,0,3
e:00126-2025-0054:248316:1:eik:121370541:1,00126-2025-0054,Избор на изпълнител за извършване на дезинсекционни и дератизационни дейности в регулацията на населените места на територията на община Несебър,ОБЩИНА НЕСЕБЪР,000057122,"""Д.Д.Д. - 1"" ООД",121370541,company,90,Открита,2026-04-27,357904.32,0,3
e:00126-2025-0055:230896:_:eik:102981058:1,00126-2025-0055,"Ново УО на участъци от улици в ПИ 51500.506.546 в участъка на о.т. 480-476-457, в ПИ 51500.507.1 в участъка на о.т. 457-456-364 и в ПИ 51500.507.40 в участъка на о.т. 457-431-430-420-362, к.к. Слънчев бряг- Запад, Община Несебър",ОБЩИНА НЕСЕБЪР,000057122,ЕЛЕКТРИКАЛ ГРУП ООД,102981058,company,45,Събиране на оферти,2025-12-19,91572.65201985858,0,1
e:00126-2025-0056:233514:_:eik:200052294:1,00126-2025-0056,"ИЗГРАЖДАНЕ НА УЛ.""ДУНАВ"" В ПИ 18469.501.321, С.ГЮЛЬОВЦА, ОБЩИНА НЕСЕБЪР",ОБЩИНА НЕСЕБЪР,000057122,ДС. МАКАДАМ ООД,200052294,company,45,Събиране на оферти,2026-01-14,118203.07,0,3
e:00126-2025-0057:230905:_:eik:102981058:1,00126-2025-0057,"Ново улично осветление на улици между кв.6101, 6102, 6104 и „възела“ - ПИ 51500.506.274 и ПИ 51500.506.288, к.к. Слънчев бряг, общ. Несебър",ОБЩИНА НЕСЕБЪР,000057122,ЕЛЕКТРИКАЛ ГРУП ООД,102981058,company,45,Събиране на оферти,2025-12-19,102202.14435814973,0,1
e:00126-2025-0059:240543:1:eik:102895118:1,00126-2025-0059,"Доставка на резервни части, материали и консумативи и ремонт на специализирани автомобили и механизация и автобуси на Община Несебър по обособени позиции, Обособена позиция 1: За нуждите на ОП БКСО",ОБЩИНА НЕСЕБЪР,000057122,ЕВРОСЪРВИЗ ЕООД,102895118,company,34,Открита,2026-03-05,1175971.32,0,2
e:00126-2025-0059:240546:1:eik:102895118:1,00126-2025-0059,"Доставка на резервни части, материали и консумативи и ремонт на специализирани автомобили и механизация и автобуси на Община Несебър по обособени позиции, Обособена позиция 2: За нуждите на ОП Управление на отпадъците",ОБЩИНА НЕСЕБЪР,000057122,ЕВРОСЪРВИЗ ЕООД,102895118,company,34,Открита,2026-03-05,306775.13,0,2
e:00126-2025-0059:240586:1:eik:102895118:1,00126-2025-0059,"Доставка на резервни части, материали и консумативи и ремонт на специализирани автомобили и механизация и автобуси на Община Несебър по обособени позиции, Обособена позиция 3: За нуждите на Общинска администрация - Несебър",ОБЩИНА НЕСЕБЪР,000057122,ЕВРОСЪРВИЗ ЕООД,102895118,company,34,Открита,2026-03-05,204516.75,0,2
e:00126-2025-0061:235625:_:eik:202397111:1,00126-2025-0061,"ПРЕУСТРОЙСТВО НА ПОМЕЩЕНИЯ в ПАРТЕРНИЯ ЕТАЖ в ОУ""ЛЮБЕН КАРАВЕЛОВ"", МЕСТОНАХOЖДЕНИЕ в УПИ I-общ., кв.57""б"" с ИД.ПО КК 51500.501.377 по ПЛАНА НА ГР.НЕСЕБЪР, ОБЩИНА НЕСЕБЪР",ОБЩИНА НЕСЕБЪР,000057122,АТЛАНТ 2013 ЕООД,202397111,company,45,Събиране на оферти,2026-01-30,127313.94,0,2
e:00126-2025-0062:229623:2:eik:102811636:1,00126-2025-0062,"Публикации на обяви, съобщения и други текстове, свързани с дейността на Община Несебър по обособени позиции: Обособена позиция 2: Публикации на обяви, съобщения и други текстове, свързани с дейността на Община Несебър в местни печатни издания",ОБЩИНА НЕСЕБЪР,000057122,ЕТ МАРАМ - МАРА МОМЧИЛОВА,102811636,company,22,Събиране на оферти,2025-12-12,15338.756435886555,0,1
e:00126-2025-0062:231211:1:eik:202217061:1,00126-2025-0062,"Публикации на обяви, съобщения и други текстове, свързани с дейността на Община Несебър по обособени позиции: Обособена позиция №1: Публикации на обяви, съобщения и други текстове, свързани с дейността на Община Несебър в национални печатни издания, съдържащи регионални приложения за област Бургас;",ОБЩИНА НЕСЕБЪР,000057122,ПРО НЮЗ БЪЛГАРИЯ АД,202217061,company,22,Събиране на оферти,2025-12-18,21474.26,0,1
e:00126-2025-0063:242450:1:eik:206503932:1,00126-2025-0063,"Доставка на хранителни продукти за нуждите на „Домашен социален патронаж“ и „Детска млечна кухня“ на територията на община Несебър по обособени позиции, Обособена позиция 1: Доставка на месо, месни продукти и риба",ОБЩИНА НЕСЕБЪР,000057122,АРТИС СТИЛ ЕООД,206503932,company,15,Открита,2026-03-20,153387.56,0,6
e:00126-2025-0063:242452:1:eik:206503932:1,00126-2025-0063,"Доставка на хранителни продукти за нуждите на „Домашен социален патронаж“ и „Детска млечна кухня“ на територията на община Несебър по обособени позиции, Обособена позиция 2: Доставка на замразени и консервирани хранителни продукти и напитки",ОБЩИНА НЕСЕБЪР,000057122,АРТИС СТИЛ ЕООД,206503932,company,15,Открита,2026-03-20,71580.86,0,6
e:00126-2026-0001:243694:_:eik:102981058:1,00126-2026-0001,"„Ново улично осветление на улица от о.т. 1006 до о.т.1021 по ПУП – план за регулация, м. Кокалу, гр. Несебър“",ОБЩИНА НЕСЕБЪР,000057122,ЕЛЕКТРИКАЛ ГРУП ООД,102981058,company,45,Събиране на оферти,2026-03-25,96713.33,0,1
e:00126-2026-0002:250466:1:eik:147146949:1,00126-2026-0002,"„Обслужващи улици в к.к.Слънчев бряг в част от ПИ 51500.506.303 И ПИ 51500.506.302, община Несебър, улици О.Т.521-568-587, О.Т.568-569 И О.Т.569-570“",ОБЩИНА НЕСЕБЪР,000057122,БРИЛЯНТ-СЛЪНЧЕВ БРЯГ ООД,147146949,company,45,Състезание,2026-04-28,425474.07,1,4
e:00126-2026-0004:246675:1:eik:203721527:1,00126-2026-0004,Доставка на фабрично нов пътнически автобус за нуждите на Община Несебър с минимум 22+1 броя седящи места,ОБЩИНА НЕСЕБЪР,000057122,БУРГАС ТРАК СЕРВИЗ ЕООД,203721527,company,34,Открита,2026-04-15,72900,0,1
e:00126-2026-0005:253255:1:eik:117694352:1,00126-2026-0005,"Доставка, монтаж, гаранционна поддръжка и застраховка на фотоволтаични системи за собствено потребление",ОБЩИНА НЕСЕБЪР,000057122,"""ЕН ЕР ДЖИ СОФТ"" ЕООД",117694352,company,09,Открита,2026-05-29,238700,1,2
e:00126-2026-0009:244561:1:eik:103800009:1,00126-2026-0009,Избор на изпълнител за полагане на нова хоризонтална пътна маркировка и възстановяване на стара и демаркировка,ОБЩИНА НЕСЕБЪР,000057122,ЕЛИТ-ПЪТНА СИГНАЛИЗАЦИЯ ЕООД,103800009,company,45,Състезание,2026-04-06,436.6,0,2
e:00126-2026-0010:242595:_:eik:205810451:1,00126-2026-0010,"Премахване на реконструкция на съществуващ амфитеатър, ситуиран в ПИ с идентификатор 11538.13.949 по КККР на град Свети Влас, община Несебър, област Бургас /м-т Варницата/",ОБЩИНА НЕСЕБЪР,000057122,Валдарам билдинг ЕООД,205810451,company,45,Събиране на оферти,2026-03-24,34143.08,0,9
e:00126-2026-0011:250826:1:eik:204241552:1,00126-2026-0011,„Текущ ремонт на сгради общинска собственост на територията на община Несебър“,ОБЩИНА НЕСЕБЪР,000057122,АНУНАКИ ЕООД,204241552,company,45,Състезание,2026-04-28,1000000,0,2
e:00126-2026-0012:242600:_:eik:205810451:1,00126-2026-0012,"Премахване на незаконен строеж: „Двуетажна постройка“ ситуиран в ПИ с идентификатор 11538.13.15 по КККР на град Свети Влас, община Несебър, област Бургас /м. Козлука/",ОБЩИНА НЕСЕБЪР,000057122,Валдарам билдинг ЕООД,205810451,company,45,Събиране на оферти,2026-03-24,35000,0,8
e:00126-2026-0019:250459:_:eik:147043618:1,00126-2026-0019,"ОБСЛУЖВАЩА УЛИЦА О.Т.800-О.Т.501 В ПИ 51500.506.679 В К.К.""СЛЪНЧЕВ БРЯГ-ЗАПАД"", ГР.НЕСЕБЪР, ОБЩИНА НЕСЕБЪР",ОБЩИНА НЕСЕБЪР,000057122,АГРО-САМ ЕООД,147043618,company,45,Събиране на оферти,2026-05-18,71314.91,0,2
e:00126-2026-0021:253165:1:eik:206063753:1,00126-2026-0021,Осигуряване на места за нощуване на командировани служители от структурите на МВР,ОБЩИНА НЕСЕБЪР,000057122,БИВОЛАРОВ 2020 ЕООД,206063753,company,55,Състезание,2026-06-01,60000,0,1
e:00126-2026-0022:252385:1:eik:102937300:1,00126-2026-0022,Услуги в областта на околната среда на територията на Община Несебър,ОБЩИНА НЕСЕБЪР,000057122,"""ВАНГ"" ЕООД",102937300,company,90,Състезание,2026-05-27,75000,0,1
e:00126-2026-0023:249982:_:eik:203456281:1,00126-2026-0023,Изграждане на средствата за регулиране на движение то на ППС и пешеходци в кръстовище на ул. „Първа“ при „Парк-хотел“ Континентал“ в к.к. Слънчев бряг.,ОБЩИНА НЕСЕБЪР,000057122,Ес Ди Нет Комюникейшънс ООД,203456281,company,45,Събиране на оферти,2026-05-13,72215.62,0,2
e:00126-2026-0024:249994:_:eik:203456281:1,00126-2026-0024,Изграждане на средствата за регулиране на движение то на ППС и пешеходци в кръстовище на ул. „Първа“ при „Парк-хотел“ Арда“ в к.к. Слънчев бряг.,ОБЩИНА НЕСЕБЪР,000057122,Ес Ди Нет Комюникейшънс ООД,203456281,company,45,Събиране на оферти,2026-05-13,74469.74,0,2
e:00126-2026-0027:250430:1:eik:202262291:1,00126-2026-0027,"Избор на изпълнител за предоставяне на физическа охрана на КПП1- вход и изход, паркинг Север- голям и КПП2-изход до портата в гр. Несебър-стар град",ОБЩИНА НЕСЕБЪР,000057122,АРКУС -СИГУРНОСТ БУРГАС,202262291,company,79,Пряко / без обявление,2026-05-15,59342.4,0,3
e:00126-2026-0029:257404:_:eik:202397111:1,00126-2026-0029,"Благоустрояване и озеленяване , изграждане на детска площадка и зона за рекреация в ПИ 11538.501.357 по плана на гр.Св.Влас, община Несебър",ОБЩИНА НЕСЕБЪР,000057122,АТЛАНТ 2013 ЕООД,202397111,company,45,Събиране на оферти,2026-06-30,102807.06,0,3
e:00126-2026-0020:258947:1:eik:200970046:1,00126-2026-0020,„Реконструкция на път от ОПС - Тънково-1 (връзка с плочогредов мост на р. Хаджийска) до път III-9061 (Оризаре - Сл. Бряг) – Етап 1“,ОБЩИНА НЕСЕБЪР,000057122,ЕИВ ЕООД,200970046,company,45,Състезание,2026-06-30,550454.97,0,3
e:00126-2026-0031:259264:1:eik:201800812:1,00126-2026-0031,Доставка на торби за смет от полиетилен за нуждите на Община Несебър,ОБЩИНА НЕСЕБЪР,000057122,СТАНДАРТ – ИНВЕСТ – ГРУП ЕООД,201800812,company,18,Открита,2026-07-10,600000,0,1
e:00126-2026-0026:259880:1:eik:201699295:1,00126-2026-0026,"Извършване на обществен превоз на пътници по автобусни линии от общинската и областната транспортни схеми, съгласно утвърдени маршрутни разписания:",ОБЩИНА НЕСЕБЪР,000057122,ДИ ЕС БУС ЕООД,201699295,company,60,Открита,2026-06-30,0.17,0,1
e:00126-2026-0040:261005:_:eik:200304140:1,00126-2026-0040,"Доставка, монтаж, пускане в експлоатация и мрежова свързаност на 5 броя паркомати",ОБЩИНА НЕСЕБЪР,000057122,ВИЖЪН 2008 ЕООД,200304140,company,34,Събиране на оферти,2026-07-29,49900,0,1
e:00126-2026-0016:262353:1:eik:201753330:1,00126-2026-0016,"Реконструкция и изграждане на улици, тротоари, съоръжения и принадлежностите към тях, във вътрешно блоково пространство в УПИ 1-общ., кв.6401 по плана на КК ""Слънчев бряг-запад""гр.Несебър, общ.Несебър ЕТАП № 1",ОБЩИНА НЕСЕБЪР,000057122,ФЕНИКС БИЛДИНГ ЕООД,201753330,company,45,Състезание,2026-07-16,760332.77,0,4
e:00126-2026-0017:262430:1:eik:201753330:1,00126-2026-0017,"Реконструкция и изграждане на улици, тротоари, съоръжения и принадлежностите към тях, във вътрешно блоково пространство в УПИ 1-общ., кв.6401 по плана на КК ""Слънчев бряг-запад""гр.Несебър, общ.Несебър ЕТАП № 2",ОБЩИНА НЕСЕБЪР,000057122,ФЕНИКС БИЛДИНГ ЕООД,201753330,company,45,Състезание,2026-07-16,787335.92,0,4
e:00126-2026-0030:264111:1:eik:200052294:1,00126-2026-0030,"СМР по текущ ремонт на улична мрежа, общинска пътна мрежа и паркинги на територията на Община Несебър - гр. Обзор, с. Баня, с. Раковсково, с. Паницово и с. Приселци общ. Несебър”",ОБЩИНА НЕСЕБЪР,000057122,ДС. МАКАДАМ ООД,200052294,company,45,Открита,2026-08-07,600000,0,4
e:00126-2026-0041:264539:1:eik:175190739:1,00126-2026-0041,Доставка на 3 броя фабрично нови автомобили за нуждите на Общинско звено за самоохрана при Община Несебър,ОБЩИНА НЕСЕБЪР,000057122,"""ЕУРАТЕК АУТО"" ООД",175190739,company,34,Открита,2026-08-31,62970,0,3
e:00126-2026-0034:266690:1:eik:831830482:1,00126-2026-0034,Избор на изпълнител за извършване на застраховка „КАСКО“ за нуждите на Община Несебър и общинските предприятия,ОБЩИНА НЕСЕБЪР,000057122,"""Застрахователно дружество Бул Инс"" АД",831830482,company,66,Открита,2026-08-31,150000,0,2
e:00126-2026-0039:266765:1:eik:102833771:1,00126-2026-0039,"Избор на изпълнител за доставка на посадъчен материал – цветя, храсти и тревни смески, препарати за растителна защита, торове и почва за озеленяване",ОБЩИНА НЕСЕБЪР,000057122,БУРГАСЦВЕТ - 90 - ТАНЕВ ЕООД,102833771,company,03,Открита,2026-09-16,385000,0,2
e:00126-2026-0042:266822:1:eik:201800812:1,00126-2026-0042,Доставка на спомагателно-хигиенни материали за нуждите на общинската администрация и второстепенните разпоредители на Община Несебър,ОБЩИНА НЕСЕБЪР,000057122,СТАНДАРТ – ИНВЕСТ – ГРУП ЕООД,201800812,company,33,Открита,2026-09-18,220000,0,2
